[{"model": "admin.logentry", "pk": 1, "fields": {"action_time": "2022-12-05T15:13:22.775", "user": 1, "content_type": 9, "object_id": "2", "object_repr": "도)벌교꼬막비빔밥", "action_flag": 2, "change_message": "[{\"changed\": {\"fields\": [\"LikedCount\"]}}]"}}, {"model": "admin.logentry", "pk": 2, "fields": {"action_time": "2022-12-05T18:45:39.898", "user": 1, "content_type": 10, "object_id": "15", "object_repr": "Like object (15)", "action_flag": 3, "change_message": ""}}, {"model": "admin.logentry", "pk": 3, "fields": {"action_time": "2022-12-05T18:45:39.913", "user": 1, "content_type": 10, "object_id": "10", "object_repr": "Like object (10)", "action_flag": 3, "change_message": ""}}, {"model": "admin.logentry", "pk": 4, "fields": {"action_time": "2022-12-05T18:45:39.924", "user": 1, "content_type": 10, "object_id": "9", "object_repr": "Like object (9)", "action_flag": 3, "change_message": ""}}, {"model": "admin.logentry", "pk": 5, "fields": {"action_time": "2022-12-05T18:45:39.937", "user": 1, "content_type": 10, "object_id": "5", "object_repr": "Like object (5)", "action_flag": 3, "change_message": ""}}, {"model": "admin.logentry", "pk": 6, "fields": {"action_time": "2022-12-05T18:45:39.950", "user": 1, "content_type": 10, "object_id": "4", "object_repr": "Like object (4)", "action_flag": 3, "change_message": ""}}, {"model": "admin.logentry", "pk": 7, "fields": {"action_time": "2022-12-05T18:45:39.963", "user": 1, "content_type": 10, "object_id": "3", "object_repr": "Like object (3)", "action_flag": 3, "change_message": ""}}, {"model": "admin.logentry", "pk": 8, "fields": {"action_time": "2022-12-05T18:45:39.976", "user": 1, "content_type": 10, "object_id": "1", "object_repr": "Like object (1)", "action_flag": 3, "change_message": ""}}, {"model": "admin.logentry", "pk": 9, "fields": {"action_time": "2022-12-05T18:45:44.517", "user": 1, "content_type": 10, "object_id": "17", "object_repr": "Like object (17)", "action_flag": 3, "change_message": ""}}, {"model": "admin.logentry", "pk": 10, "fields": {"action_time": "2022-12-05T18:45:50.044", "user": 1, "content_type": 9, "object_id": "14", "object_repr": "라벨리)옥수수익어가는바", "action_flag": 3, "change_message": ""}}, {"model": "admin.logentry", "pk": 11, "fields": {"action_time": "2022-12-05T18:45:50.058", "user": 1, "content_type": 9, "object_id": "13", "object_repr": "도)자이언트일품닭강정", "action_flag": 3, "change_message": ""}}, {"model": "admin.logentry", "pk": 12, "fields": {"action_time": "2022-12-05T18:45:50.073", "user": 1, "content_type": 9, "object_id": "12", "object_repr": "도)자이언트일품닭강정", "action_flag": 3, "change_message": ""}}, {"model": "admin.logentry", "pk": 13, "fields": {"action_time": "2022-12-05T18:45:50.089", "user": 1, "content_type": 9, "object_id": "10", "object_repr": "도)벌교꼬막비빔밥", "action_flag": 3, "change_message": ""}}, {"model": "admin.logentry", "pk": 14, "fields": {"action_time": "2022-12-05T18:45:50.102", "user": 1, "content_type": 9, "object_id": "9", "object_repr": "라벨리)옥수수익어가는바", "action_flag": 3, "change_message": ""}}, {"model": "admin.logentry", "pk": 15, "fields": {"action_time": "2022-12-05T18:45:50.117", "user": 1, "content_type": 9, "object_id": "8", "object_repr": "도)자이언트일품닭강정", "action_flag": 3, "change_message": ""}}, {"model": "admin.logentry", "pk": 16, "fields": {"action_time": "2022-12-05T18:45:50.130", "user": 1, "content_type": 9, "object_id": "7", "object_repr": "라벨리)옥수수익어가는바", "action_flag": 3, "change_message": ""}}, {"model": "admin.logentry", "pk": 17, "fields": {"action_time": "2022-12-05T18:45:50.146", "user": 1, "content_type": 9, "object_id": "6", "object_repr": "도)자이언트일품닭강정", "action_flag": 3, "change_message": ""}}, {"model": "admin.logentry", "pk": 18, "fields": {"action_time": "2022-12-05T18:45:50.159", "user": 1, "content_type": 9, "object_id": "5", "object_repr": "도)벌교꼬막비빔밥", "action_flag": 3, "change_message": ""}}, {"model": "admin.logentry", "pk": 19, "fields": {"action_time": "2022-12-05T18:45:50.172", "user": 1, "content_type": 9, "object_id": "4", "object_repr": "도)벌교꼬막비빔밥", "action_flag": 3, "change_message": ""}}, {"model": "admin.logentry", "pk": 20, "fields": {"action_time": "2022-12-05T18:45:50.186", "user": 1, "content_type": 9, "object_id": "3", "object_repr": "도)벌교꼬막비빔밥", "action_flag": 3, "change_message": ""}}, {"model": "admin.logentry", "pk": 21, "fields": {"action_time": "2022-12-05T18:45:50.197", "user": 1, "content_type": 9, "object_id": "2", "object_repr": "도)벌교꼬막비빔밥", "action_flag": 3, "change_message": ""}}, {"model": "admin.logentry", "pk": 22, "fields": {"action_time": "2022-12-05T18:45:50.211", "user": 1, "content_type": 9, "object_id": "1", "object_repr": "도)벌교꼬막비빔밥", "action_flag": 3, "change_message": ""}}, {"model": "admin.logentry", "pk": 23, "fields": {"action_time": "2022-12-05T19:29:40.550", "user": 1, "content_type": 9, "object_id": "31", "object_repr": "도)유니짜장덮밥", "action_flag": 2, "change_message": "[{\"changed\": {\"fields\": [\"Created at\"]}}]"}}, {"model": "admin.logentry", "pk": 24, "fields": {"action_time": "2022-12-05T19:29:46.428", "user": 1, "content_type": 9, "object_id": "24", "object_repr": "도)자이언트일품닭강정", "action_flag": 2, "change_message": "[{\"changed\": {\"fields\": [\"Created at\"]}}]"}}, {"model": "admin.logentry", "pk": 25, "fields": {"action_time": "2022-12-05T20:30:29.445", "user": 1, "content_type": 9, "object_id": "15", "object_repr": "도)벌교꼬막비빔밥", "action_flag": 2, "change_message": "[{\"changed\": {\"fields\": [\"Created at\"]}}]"}}, {"model": "admin.logentry", "pk": 26, "fields": {"action_time": "2022-12-05T20:30:37.688", "user": 1, "content_type": 9, "object_id": "19", "object_repr": "도)벌교꼬막비빔밥", "action_flag": 2, "change_message": "[{\"changed\": {\"fields\": [\"Created at\"]}}]"}}, {"model": "admin.logentry", "pk": 27, "fields": {"action_time": "2022-12-05T20:30:46.156", "user": 1, "content_type": 9, "object_id": "23", "object_repr": "도)벌교꼬막비빔밥", "action_flag": 2, "change_message": "[{\"changed\": {\"fields\": [\"Created at\"]}}]"}}, {"model": "admin.logentry", "pk": 28, "fields": {"action_time": "2022-12-05T20:31:17.390", "user": 1, "content_type": 9, "object_id": "27", "object_repr": "도)벌교꼬막비빔밥", "action_flag": 2, "change_message": "[{\"changed\": {\"fields\": [\"Created at\"]}}]"}}, {"model": "admin.logentry", "pk": 29, "fields": {"action_time": "2022-12-05T20:32:00.692", "user": 1, "content_type": 9, "object_id": "30", "object_repr": "라벨리)옥수수익어가는바", "action_flag": 2, "change_message": "[{\"changed\": {\"fields\": [\"Created at\"]}}]"}}, {"model": "admin.logentry", "pk": 30, "fields": {"action_time": "2022-12-05T20:32:11.008", "user": 1, "content_type": 9, "object_id": "26", "object_repr": "라벨리)옥수수익어가는바", "action_flag": 2, "change_message": "[{\"changed\": {\"fields\": [\"Created at\"]}}]"}}, {"model": "admin.logentry", "pk": 31, "fields": {"action_time": "2022-12-05T20:32:19.380", "user": 1, "content_type": 9, "object_id": "17", "object_repr": "라벨리)옥수수익어가는바", "action_flag": 2, "change_message": "[{\"changed\": {\"fields\": [\"Created at\"]}}]"}}, {"model": "admin.logentry", "pk": 32, "fields": {"action_time": "2022-12-05T20:46:01.837", "user": 1, "content_type": 10, "object_id": "39", "object_repr": "Like object (39)", "action_flag": 3, "change_message": ""}}, {"model": "auth.permission", "pk": 1, "fields": {"name": "Can add log entry", "content_type": 1, "codename": "add_logentry"}}, {"model": "auth.permission", "pk": 2, "fields": {"name": "Can change log entry", "content_type": 1, "codename": "change_logentry"}}, {"model": "auth.permission", "pk": 3, "fields": {"name": "Can delete log entry", "content_type": 1, "codename": "delete_logentry"}}, {"model": "auth.permission", "pk": 4, "fields": {"name": "Can view log entry", "content_type": 1, "codename": "view_logentry"}}, {"model": "auth.permission", "pk": 5, "fields": {"name": "Can add permission", "content_type": 2, "codename": "add_permission"}}, {"model": "auth.permission", "pk": 6, "fields": {"name": "Can change permission", "content_type": 2, "codename": "change_permission"}}, {"model": "auth.permission", "pk": 7, "fields": {"name": "Can delete permission", "content_type": 2, "codename": "delete_permission"}}, {"model": "auth.permission", "pk": 8, "fields": {"name": "Can view permission", "content_type": 2, "codename": "view_permission"}}, {"model": "auth.permission", "pk": 9, "fields": {"name": "Can add group", "content_type": 3, "codename": "add_group"}}, {"model": "auth.permission", "pk": 10, "fields": {"name": "Can change group", "content_type": 3, "codename": "change_group"}}, {"model": "auth.permission", "pk": 11, "fields": {"name": "Can delete group", "content_type": 3, "codename": "delete_group"}}, {"model": "auth.permission", "pk": 12, "fields": {"name": "Can view group", "content_type": 3, "codename": "view_group"}}, {"model": "auth.permission", "pk": 13, "fields": {"name": "Can add content type", "content_type": 4, "codename": "add_contenttype"}}, {"model": "auth.permission", "pk": 14, "fields": {"name": "Can change content type", "content_type": 4, "codename": "change_contenttype"}}, {"model": "auth.permission", "pk": 15, "fields": {"name": "Can delete content type", "content_type": 4, "codename": "delete_contenttype"}}, {"model": "auth.permission", "pk": 16, "fields": {"name": "Can view content type", "content_type": 4, "codename": "view_contenttype"}}, {"model": "auth.permission", "pk": 17, "fields": {"name": "Can add session", "content_type": 5, "codename": "add_session"}}, {"model": "auth.permission", "pk": 18, "fields": {"name": "Can change session", "content_type": 5, "codename": "change_session"}}, {"model": "auth.permission", "pk": 19, "fields": {"name": "Can delete session", "content_type": 5, "codename": "delete_session"}}, {"model": "auth.permission", "pk": 20, "fields": {"name": "Can view session", "content_type": 5, "codename": "view_session"}}, {"model": "auth.permission", "pk": 21, "fields": {"name": "Can add user", "content_type": 6, "codename": "add_user"}}, {"model": "auth.permission", "pk": 22, "fields": {"name": "Can change user", "content_type": 6, "codename": "change_user"}}, {"model": "auth.permission", "pk": 23, "fields": {"name": "Can delete user", "content_type": 6, "codename": "delete_user"}}, {"model": "auth.permission", "pk": 24, "fields": {"name": "Can view user", "content_type": 6, "codename": "view_user"}}, {"model": "auth.permission", "pk": 25, "fields": {"name": "Can add product", "content_type": 7, "codename": "add_product"}}, {"model": "auth.permission", "pk": 26, "fields": {"name": "Can change product", "content_type": 7, "codename": "change_product"}}, {"model": "auth.permission", "pk": 27, "fields": {"name": "Can delete product", "content_type": 7, "codename": "delete_product"}}, {"model": "auth.permission", "pk": 28, "fields": {"name": "Can view product", "content_type": 7, "codename": "view_product"}}, {"model": "auth.permission", "pk": 29, "fields": {"name": "Can add tag", "content_type": 8, "codename": "add_tag"}}, {"model": "auth.permission", "pk": 30, "fields": {"name": "Can change tag", "content_type": 8, "codename": "change_tag"}}, {"model": "auth.permission", "pk": 31, "fields": {"name": "Can delete tag", "content_type": 8, "codename": "delete_tag"}}, {"model": "auth.permission", "pk": 32, "fields": {"name": "Can view tag", "content_type": 8, "codename": "view_tag"}}, {"model": "auth.permission", "pk": 33, "fields": {"name": "Can add rate", "content_type": 9, "codename": "add_rate"}}, {"model": "auth.permission", "pk": 34, "fields": {"name": "Can change rate", "content_type": 9, "codename": "change_rate"}}, {"model": "auth.permission", "pk": 35, "fields": {"name": "Can delete rate", "content_type": 9, "codename": "delete_rate"}}, {"model": "auth.permission", "pk": 36, "fields": {"name": "Can view rate", "content_type": 9, "codename": "view_rate"}}, {"model": "auth.permission", "pk": 37, "fields": {"name": "Can add like", "content_type": 10, "codename": "add_like"}}, {"model": "auth.permission", "pk": 38, "fields": {"name": "Can change like", "content_type": 10, "codename": "change_like"}}, {"model": "auth.permission", "pk": 39, "fields": {"name": "Can delete like", "content_type": 10, "codename": "delete_like"}}, {"model": "auth.permission", "pk": 40, "fields": {"name": "Can view like", "content_type": 10, "codename": "view_like"}}, {"model": "auth.permission", "pk": 41, "fields": {"name": "Can add Token", "content_type": 11, "codename": "add_token"}}, {"model": "auth.permission", "pk": 42, "fields": {"name": "Can change Token", "content_type": 11, "codename": "change_token"}}, {"model": "auth.permission", "pk": 43, "fields": {"name": "Can delete Token", "content_type": 11, "codename": "delete_token"}}, {"model": "auth.permission", "pk": 44, "fields": {"name": "Can view Token", "content_type": 11, "codename": "view_token"}}, {"model": "auth.permission", "pk": 45, "fields": {"name": "Can add token", "content_type": 12, "codename": "add_tokenproxy"}}, {"model": "auth.permission", "pk": 46, "fields": {"name": "Can change token", "content_type": 12, "codename": "change_tokenproxy"}}, {"model": "auth.permission", "pk": 47, "fields": {"name": "Can delete token", "content_type": 12, "codename": "delete_tokenproxy"}}, {"model": "auth.permission", "pk": 48, "fields": {"name": "Can view token", "content_type": 12, "codename": "view_tokenproxy"}}, {"model": "contenttypes.contenttype", "pk": 1, "fields": {"app_label": "admin", "model": "logentry"}}, {"model": "contenttypes.contenttype", "pk": 2, "fields": {"app_label": "auth", "model": "permission"}}, {"model": "contenttypes.contenttype", "pk": 3, "fields": {"app_label": "auth", "model": "group"}}, {"model": "contenttypes.contenttype", "pk": 4, "fields": {"app_label": "contenttypes", "model": "contenttype"}}, {"model": "contenttypes.contenttype", "pk": 5, "fields": {"app_label": "sessions", "model": "session"}}, {"model": "contenttypes.contenttype", "pk": 6, "fields": {"app_label": "user", "model": "user"}}, {"model": "contenttypes.contenttype", "pk": 7, "fields": {"app_label": "product", "model": "product"}}, {"model": "contenttypes.contenttype", "pk": 8, "fields": {"app_label": "product", "model": "tag"}}, {"model": "contenttypes.contenttype", "pk": 9, "fields": {"app_label": "product", "model": "rate"}}, {"model": "contenttypes.contenttype", "pk": 10, "fields": {"app_label": "product", "model": "like"}}, {"model": "contenttypes.contenttype", "pk": 11, "fields": {"app_label": "authtoken", "model": "token"}}, {"model": "contenttypes.contenttype", "pk": 12, "fields": {"app_label": "authtoken", "model": "tokenproxy"}}, {"model": "sessions.session", "pk": "04pmtnj1uity0ilbdgjaxk7efxomqq7d", "fields": {"session_data": ".eJxVjEEOwiAQRe_C2pAMUxBcuvcMZOgMUjWQlHbVeHdt0oVu_3vvbyrSupS4dpnjxOqiQJ1-t0TjU-oO-EH13vTY6jJPSe-KPmjXt8byuh7u30GhXr51GighoxXLZ8fCgMl6CAToGMAMFn0WQiPBCmdCl8kFlxkpJD8Yq94f8so4Ng:1p2xJp:6QFyefM9COaFlttkgqlgMhTMYhR2-5O6FtLTwqanTRc", "expire_date": "2022-12-22T01:30:49.575"}}, {"model": "sessions.session", "pk": "26af0ps7wssqkvo95hva0hzxmhbz6t56", "fields": {"session_data": ".eJxVjEEOwiAQRe_C2hBgwIJL956BzMBUqgaS0q6Md7dNutDtf-_9t4i4LiWunec4ZXERWpx-N8L05LqD_MB6bzK1uswTyV2RB-3y1jK_rof7d1Cwl60mCEaRI4vagQI1UPKjMxDYKEzWkmMO3gUckiIaN6gsY84MXhOcvfh8AdqwOCM:1p24db:fboESMFk1dgcPUL_-PR-tEp-wmgBY0e9zFr9Pc3N8AU", "expire_date": "2022-12-19T15:07:35.882"}}, {"model": "sessions.session", "pk": "3vzxtwja2hcpsypdwp41fsyf4mt4ikdl", "fields": {"session_data": ".eJxVjEEOwiAQRe_C2pAMUxBcuvcMZOgMUjWQlHbVeHdt0oVu_3vvbyrSupS4dpnjxOqiQJ1-t0TjU-oO-EH13vTY6jJPSe-KPmjXt8byuh7u30GhXr51GighoxXLZ8fCgMl6CAToGMAMFn0WQiPBCmdCl8kFlxkpJD8Yq94f8so4Ng:1p2t73:QY2M4KyZTP08KwOfkqS3Ft9krtr9cvUJmPslqGz7gHw", "expire_date": "2022-12-21T21:01:21.294"}}, {"model": "sessions.session", "pk": "4g2c3cgwo8gkeebv7ofa6km0ds5pg1r9", "fields": {"session_data": ".eJxVjEEOwiAQRe_C2hBogVKX7j1DMzPMSNVAUtqV8e7apAvd_vfef6kJtjVPW-NlmpM6K9up0--IQA8uO0l3KLeqqZZ1mVHvij5o09ea-Hk53L-DDC1_a4ngxYNYMKM31kdONjClSBggdoMbMPQAhj2R2OTIinPCLDh6hB7V-wMp8jl7:1p2sJr:zF3I-gIE3MgkwKCiCoaJzIfdb9v5-l2OSIWstR5aFAA", "expire_date": "2022-12-21T20:10:31.309"}}, {"model": "sessions.session", "pk": "4zqspkl9gd8ppw3tgn4muxj1v9pshrxt", "fields": {"session_data": ".eJxVjEEOwiAQRe_C2hAGpgFcuvcMZIBBqgaS0q6Md9cmXej2v_f-SwTa1hq2wUuYszgLI06_W6T04LaDfKd26zL1ti5zlLsiDzrktWd-Xg7376DSqN86lTyBQiIDPhe2hISgClnEjKSUK56dieCRTdEa0uTQIRNYhwZBi_cH7p83Yw:1p24X2:Laf1pGd79lZBHzMAmmA1MRBLSj9PAVZmXdgBxMXthLg", "expire_date": "2022-12-19T15:00:48.242"}}, {"model": "sessions.session", "pk": "64e14md0dcrflq17437txclxbfzes566", "fields": {"session_data": ".eJxVjEEOwiAQRe_C2hBgwIJL956BzMBUqgaS0q6Md7dNutDtf-_9t4i4LiWunec4ZXERWpx-N8L05LqD_MB6bzK1uswTyV2RB-3y1jK_rof7d1Cwl60mCEaRI4vagQI1UPKjMxDYKEzWkmMO3gUckiIaN6gsY84MXhOcvfh8AdqwOCM:1p24JK:5-Uzx5Ef0ZheQFGx84cytR6xgV5h-D5JEBUv0bkZr30", "expire_date": "2022-12-19T14:46:38.831"}}, {"model": "sessions.session", "pk": "6qx3ve7suyki00f1qzmkxc92tl14bqbz", "fields": {"session_data": ".eJxVjEEOwiAQRe_C2hBgwIJL956BzMBUqgaS0q6Md7dNutDtf-_9t4i4LiWunec4ZXERWpx-N8L05LqD_MB6bzK1uswTyV2RB-3y1jK_rof7d1Cwl60mCEaRI4vagQI1UPKjMxDYKEzWkmMO3gUckiIaN6gsY84MXhOcvfh8AdqwOCM:1p25ix:01-I59RIbXGm-Y5K2ubU_R8qWz9K9ENXtXH8OueMdYU", "expire_date": "2022-12-19T16:17:11.470"}}, {"model": "sessions.session", "pk": "9sel73bxw5k7lc4l9b3ur5au148s89yi", "fields": {"session_data": ".eJxVjEEOwiAQRe_C2hBgwIJL956BzMBUqgaS0q6Md7dNutDtf-_9t4i4LiWunec4ZXERWpx-N8L05LqD_MB6bzK1uswTyV2RB-3y1jK_rof7d1Cwl60mCEaRI4vagQI1UPKjMxDYKEzWkmMO3gUckiIaN6gsY84MXhOcvfh8AdqwOCM:1p24Lv:QyqYsCUiW-UkaYXBZ39WndjeA0nbVhuyIHrY4_P8hI4", "expire_date": "2022-12-19T14:49:19.716"}}, {"model": "sessions.session", "pk": "au1oxempz2qtxgy9vxb26b544xk3hxuz", "fields": {"session_data": ".eJxVjDsOwjAQBe_iGln-xfZS0nOGaL27JgEUS_lUiLtDpBTQvpl5L9Xjtg79tsjcj6zOyqnT71aQHjLtgO843ZqmNq3zWPSu6IMu-tpYnpfD_TsYcBm-dYrVWPDReMBkOwqZnYQQMEqByMkbBxAAyRHV6EyORYA7w1JNRrLq_QG9yjd9:1p4LJe:taE8bHWaI8Xjv3KQio7kmzuf1KCn5AfRG-gpW4uwKKo", "expire_date": "2022-12-25T21:20:22.814"}}, {"model": "sessions.session", "pk": "c7hs5nllg5chthv0d1vu4sjxnee7lg6p", "fields": {"session_data": ".eJxVjEEOwiAQRe_C2pAMUxBcuvcMZOgMUjWQlHbVeHdt0oVu_3vvbyrSupS4dpnjxOqiQJ1-t0TjU-oO-EH13vTY6jJPSe-KPmjXt8byuh7u30GhXr51GighoxXLZ8fCgMl6CAToGMAMFn0WQiPBCmdCl8kFlxkpJD8Yq94f8so4Ng:1p2ltf:r1UL1xD74ljxWKWo56CkM6hg2_gMDer6MNw4Qq6NsRM", "expire_date": "2022-12-21T13:19:03.251"}}, {"model": "sessions.session", "pk": "clga7y9vj3tp4wo4ei2xpjed7qxglaax", "fields": {"session_data": ".eJxVjEEOwiAQRe_C2pAMUxBcuvcMZOgMUjWQlHbVeHdt0oVu_3vvbyrSupS4dpnjxOqiQJ1-t0TjU-oO-EH13vTY6jJPSe-KPmjXt8byuh7u30GhXr51GighoxXLZ8fCgMl6CAToGMAMFn0WQiPBCmdCl8kFlxkpJD8Yq94f8so4Ng:1p2xS4:SIgrrL7PPxBWI01Dbxx8JgQVJcglupax3V_0nMASMAU", "expire_date": "2022-12-22T01:39:20.069"}}, {"model": "sessions.session", "pk": "ful1ykqsmhl7pek213ckbvjj407pc6zr", "fields": {"session_data": ".eJxVjEEOwiAQRe_C2hBgwIJL956BzMBUqgaS0q6Md7dNutDtf-_9t4i4LiWunec4ZXERWpx-N8L05LqD_MB6bzK1uswTyV2RB-3y1jK_rof7d1Cwl60mCEaRI4vagQI1UPKjMxDYKEzWkmMO3gUckiIaN6gsY84MXhOcvfh8AdqwOCM:1p1yqW:DfsFHE7mWPhzWDmRwu1kj2zQkd5MM79TT67_ICLavv8", "expire_date": "2022-12-19T08:56:32.419"}}, {"model": "sessions.session", "pk": "g10j0x88xo60eafq6eoxplf40ytts06v", "fields": {"session_data": ".eJxVjEEOwiAQRe_C2pAMUxBcuvcMZOgMUjWQlHbVeHdt0oVu_3vvbyrSupS4dpnjxOqiQJ1-t0TjU-oO-EH13vTY6jJPSe-KPmjXt8byuh7u30GhXr51GighoxXLZ8fCgMl6CAToGMAMFn0WQiPBCmdCl8kFlxkpJD8Yq94f8so4Ng:1p2xLL:zv6sfZYOL9O1nUlRt7leAvxjt3f9GDwTI3sAsgq4pYc", "expire_date": "2022-12-22T01:32:23.571"}}, {"model": "sessions.session", "pk": "gbxzov49mmyb6ibzpz4s0zdpla68h9un", "fields": {"session_data": ".eJxVjEEOwiAQRe_C2pAp0AFcuvcMBBhGqoYmpV0Z765NutDtf-_9lwhxW2vYelnCROIsBiNOv2OK-VHaTuge222WeW7rMiW5K_KgXV5nKs_L4f4d1Njrt06Dt6MaFeqI3njNRntWbJETA1NElQkAoRhPbMA61JwVOlKuONYg3h_t7TeP:1p3fl6:jnNUAlB_vDd1ZcoBl6gQ-1WO-rY_IfFjTspDXDDnWXc", "expire_date": "2022-12-24T00:57:56.741"}}, {"model": "sessions.session", "pk": "ge8g9s9imh1w2q5ak7zrjmb9ifhgsh5t", "fields": {"session_data": ".eJxVjMsOwiAQRf-FtSFDGQq4dO83kBkeUjU0Ke3K-O_apAvd3nPOfYlA21rD1vMSpiTOYhSn340pPnLbQbpTu80yzm1dJpa7Ig_a5XVO-Xk53L-DSr1-62iSwjKiTjEaqzwVZrRKgzMOEis_WEJg1BlwcGA4e83W6EKkLFgU7w_aTDcz:1p1yzJ:B_2pf_dfxq_F2bm3qw6X537Flc3KWWhIx5MRixNcZgc", "expire_date": "2022-12-19T09:05:37.641"}}, {"model": "sessions.session", "pk": "gr5jibtd7dxax4mmrxu7lgq5i8bjp6c5", "fields": {"session_data": ".eJxVjEEOwiAQRe_C2pAMUxBcuvcMZOgMUjWQlHbVeHdt0oVu_3vvbyrSupS4dpnjxOqiQJ1-t0TjU-oO-EH13vTY6jJPSe-KPmjXt8byuh7u30GhXr51GighoxXLZ8fCgMl6CAToGMAMFn0WQiPBCmdCl8kFlxkpJD8Yq94f8so4Ng:1p2wlY:ykPjvXmnBW58jb-Aht-0Wxwk6N9SMuFObgCu5T6SUkk", "expire_date": "2022-12-22T00:55:24.568"}}, {"model": "sessions.session", "pk": "huudf3pxehg1sr15953n8mq6xeuorlgh", "fields": {"session_data": ".eJxVjEEOwiAQRe_C2hBgwIJL956BzMBUqgaS0q6Md7dNutDtf-_9t4i4LiWunec4ZXERWpx-N8L05LqD_MB6bzK1uswTyV2RB-3y1jK_rof7d1Cwl60mCEaRI4vagQI1UPKjMxDYKEzWkmMO3gUckiIaN6gsY84MXhOcvfh8AdqwOCM:1p2EIf:seLXJVizW-_e7GlnlPP3nwdkqLcPrGN5gvw0F42YP2c", "expire_date": "2022-12-20T01:26:37.479"}}, {"model": "sessions.session", "pk": "nzmdw9s9xgezm1zouoo337ecswxrulao", "fields": {"session_data": ".eJxVjEEOwiAQRe_C2pAMUxBcuvcMZOgMUjWQlHbVeHdt0oVu_3vvbyrSupS4dpnjxOqiQJ1-t0TjU-oO-EH13vTY6jJPSe-KPmjXt8byuh7u30GhXr51GighoxXLZ8fCgMl6CAToGMAMFn0WQiPBCmdCl8kFlxkpJD8Yq94f8so4Ng:1p2xSt:RFK2b8DG-A0Se7e6895Eth1KcqD9zNy1C5ta637nUgU", "expire_date": "2022-12-22T01:40:11.895"}}, {"model": "sessions.session", "pk": "o71zrw49eorfukfh05pdhoua9a4z48mh", "fields": {"session_data": ".eJxVjMsOwiAQRf-FtSFDGQq4dO83kBkeUjU0Ke3K-O_apAvd3nPOfYlA21rD1vMSpiTOYhSn340pPnLbQbpTu80yzm1dJpa7Ig_a5XVO-Xk53L-DSr1-62iSwjKiTjEaqzwVZrRKgzMOEis_WEJg1BlwcGA4e83W6EKkLFgU7w_aTDcz:1p2EKN:SFyvhfv8twYH6XhnFE2HBLqcvqZ8WZcPi8os9Ucdw6Q", "expire_date": "2022-12-20T01:28:23.655"}}, {"model": "sessions.session", "pk": "p8r6p4gfh22bdl346kkf0pvai19g74ee", "fields": {"session_data": ".eJxVjEEOwiAQRe_C2hBgwIJL956BzMBUqgaS0q6Md7dNutDtf-_9t4i4LiWunec4ZXERWpx-N8L05LqD_MB6bzK1uswTyV2RB-3y1jK_rof7d1Cwl60mCEaRI4vagQI1UPKjMxDYKEzWkmMO3gUckiIaN6gsY84MXhOcvfh8AdqwOCM:1p2TP6:sWaOthEirkQ5C5PasJLGQp6biqrVId6uJjhfUyZ2t_Q", "expire_date": "2022-12-20T17:34:16.468"}}, {"model": "sessions.session", "pk": "pm7l953tgpgwhc52f9wov9vt0omnhvg7", "fields": {"session_data": ".eJxVjEEOwiAQRe_C2pAp0AFcuvcMBBhGqoYmpV0Z765NutDtf-_9lwhxW2vYelnCROIsBiNOv2OK-VHaTuge222WeW7rMiW5K_KgXV5nKs_L4f4d1Njrt06Dt6MaFeqI3njNRntWbJETA1NElQkAoRhPbMA61JwVOlKuONYg3h_t7TeP:1p3fx8:XpX6gYCD6fmK5gwQaj88fRNqsE3EYvoagiyrbWZMztQ", "expire_date": "2022-12-24T01:10:22.495"}}, {"model": "sessions.session", "pk": "pn8mlm89gdn460vg49q5x5wtescukbc5", "fields": {"session_data": ".eJxVjEEOwiAQRe_C2pAp0AFcuvcMBBhGqoYmpV0Z765NutDtf-_9lwhxW2vYelnCROIsBiNOv2OK-VHaTuge222WeW7rMiW5K_KgXV5nKs_L4f4d1Njrt06Dt6MaFeqI3njNRntWbJETA1NElQkAoRhPbMA61JwVOlKuONYg3h_t7TeP:1p2xYu:pnzQpaPojkOgF27SxaVhkkzRxTxdbL1JbvTkMcJ6VXc", "expire_date": "2022-12-22T01:46:24.355"}}, {"model": "sessions.session", "pk": "rixjtv4imkja7zn9u6b18fb1b58qxh63", "fields": {"session_data": ".eJxVjEEOwiAQRe_C2hBgwIJL956BzMBUqgaS0q6Md7dNutDtf-_9t4i4LiWunec4ZXERWpx-N8L05LqD_MB6bzK1uswTyV2RB-3y1jK_rof7d1Cwl60mCEaRI4vagQI1UPKjMxDYKEzWkmMO3gUckiIaN6gsY84MXhOcvfh8AdqwOCM:1p2Ead:UU3qRxe8ecmlA_hj-R4R25KtHixffPVHIxmqraKN-e0", "expire_date": "2022-12-20T01:45:11.750"}}, {"model": "sessions.session", "pk": "sprawcqxcdugz1vasg1z6c2jof2m1i45", "fields": {"session_data": ".eJxVjMsOwiAQRf-FtSFDGQq4dO83kBkeUjU0Ke3K-O_apAvd3nPOfYlA21rD1vMSpiTOYhSn340pPnLbQbpTu80yzm1dJpa7Ig_a5XVO-Xk53L-DSr1-62iSwjKiTjEaqzwVZrRKgzMOEis_WEJg1BlwcGA4e83W6EKkLFgU7w_aTDcz:1p2Edo:AHegL7BGWJu-D6yVda4rJBhspmJ-hB9E4fPVaH-fBCw", "expire_date": "2022-12-20T01:48:28.826"}}, {"model": "sessions.session", "pk": "swawdrgf7i0wejqe09i8itrr2fmozknr", "fields": {"session_data": ".eJxVjEEOwiAQRe_C2hBgwIJL956BzMBUqgaS0q6Md7dNutDtf-_9t4i4LiWunec4ZXERWpx-N8L05LqD_MB6bzK1uswTyV2RB-3y1jK_rof7d1Cwl60mCEaRI4vagQI1UPKjMxDYKEzWkmMO3gUckiIaN6gsY84MXhOcvfh8AdqwOCM:1p24HS:bz4UfX-tRAeu_0OGALN7osa8zwe00jAVzT1yreXN7b0", "expire_date": "2022-12-19T14:44:42.727"}}, {"model": "sessions.session", "pk": "ts0vb0q91g9i710kqmk6iqhym37fpa37", "fields": {"session_data": ".eJxVjEEOwiAQRe_C2pAMUxBcuvcMZOgMUjWQlHbVeHdt0oVu_3vvbyrSupS4dpnjxOqiQJ1-t0TjU-oO-EH13vTY6jJPSe-KPmjXt8byuh7u30GhXr51GighoxXLZ8fCgMl6CAToGMAMFn0WQiPBCmdCl8kFlxkpJD8Yq94f8so4Ng:1p38n5:qdgpmoSY_ncgo1y3W-XQJ7r6I32-rlFWxlIXR4mjexA", "expire_date": "2022-12-22T13:45:47.171"}}, {"model": "sessions.session", "pk": "vj640paly78v1tiugkave6ux9nx5xmi9", "fields": {"session_data": ".eJxVjEEOwiAQRe_C2hBgwIJL956BzMBUqgaS0q6Md7dNutDtf-_9t4i4LiWunec4ZXERWpx-N8L05LqD_MB6bzK1uswTyV2RB-3y1jK_rof7d1Cwl60mCEaRI4vagQI1UPKjMxDYKEzWkmMO3gUckiIaN6gsY84MXhOcvfh8AdqwOCM:1p2TP6:sWaOthEirkQ5C5PasJLGQp6biqrVId6uJjhfUyZ2t_Q", "expire_date": "2022-12-20T17:34:16.377"}}, {"model": "sessions.session", "pk": "wy2hdp0y0nne5frwvqcmcqkflse4e2us", "fields": {"session_data": ".eJxVjDsOwjAQBe_iGln-xfZS0nOGaL27JgEUS_lUiLtDpBTQvpl5L9Xjtg79tsjcj6zOyqnT71aQHjLtgO843ZqmNq3zWPSu6IMu-tpYnpfD_TsYcBm-dYrVWPDReMBkOwqZnYQQMEqByMkbBxAAyRHV6EyORYA7w1JNRrLq_QG9yjd9:1p2m8f:lvZsBl07jiEwH6FPDUmgBb9pqupFW2tn7mqzaLvRQBw", "expire_date": "2022-12-21T13:34:33.724"}}, {"model": "sessions.session", "pk": "zv8tb83piu01n0wsonf128qv6rs2dcsg", "fields": {"session_data": ".eJxVjDEOwjAMRe-SGUW4NHHCyN4zRHbskgJqpKadEHdHlTrA-t97_20SbWtJW9MlTWKuxpnT78aUnzrvQB4036vNdV6Xie2u2IM2O1TR1-1w_w4KtbLXQYkBo1cfGPqxU3EeY9QxiqKcHSpr5s6LoPPkIbsOYISew4Uiovl8AQTMOFY:1p2533:UXYP0G4VtlIXKDtUjRAB_5R1K5byoyhDmPD8EQ2xNu0", "expire_date": "2022-12-19T15:33:53.043"}}, {"model": "user.user", "pk": 1, "fields": {"password": "pbkdf2_sha256$390000$TyJ50PqFwZmj8bYIMxdnMF$KztCmXIzmZ+ZQeMhC0IpfoyyReuNPSzLnpZMrX+cKhQ=", "last_login": "2022-12-08T13:45:47.164", "is_superuser": true, "username": "super", "first_name": "", "last_name": "", "email": "super@gmail.com", "is_staff": true, "is_active": true, "date_joined": "2022-12-05T08:55:52.197", "age": 0, "gender": 2, "taste": "", "question": 0, "groups": [], "user_permissions": []}}, {"model": "user.user", "pk": 2, "fields": {"password": "pbkdf2_sha256$390000$rXSq4ym3h1TIITvbSLMsd8$FYomTJfQQvIPgiLI13jDTNNkmbOXIizkvOjJ5Mw6gyI=", "last_login": "2022-12-11T21:20:22.803", "is_superuser": false, "username": "letmecu", "first_name": "", "last_name": "", "email": "", "is_staff": false, "is_active": true, "date_joined": "2022-12-05T08:58:40.755", "age": 2, "gender": 1, "taste": "AC", "question": 2, "groups": [], "user_permissions": []}}, {"model": "user.user", "pk": 3, "fields": {"password": "pbkdf2_sha256$390000$rbKUCWq55jBwS4jJlGyL4R$nBjrkgKviff/kGbJrahvX7Yu1GYECcQe9ck7x4R2nD0=", "last_login": "2022-12-05T20:52:38.880", "is_superuser": false, "username": "worm", "first_name": "", "last_name": "", "email": "", "is_staff": false, "is_active": true, "date_joined": "2022-12-05T08:59:31.034", "age": 1, "gender": 2, "taste": "BCE", "question": 1, "groups": [], "user_permissions": []}}, {"model": "user.user", "pk": 4, "fields": {"password": "pbkdf2_sha256$390000$qXfCCCvowr6cxBHfeDtR41$b/9fSWlURc+KtUuRjg4D3J4axFPcQCpAgEksNVwA6gc=", "last_login": "2022-12-05T16:50:11.970", "is_superuser": false, "username": "happee", "first_name": "", "last_name": "", "email": "", "is_staff": false, "is_active": true, "date_joined": "2022-12-05T08:59:51.569", "age": 2, "gender": 1, "taste": "AD", "question": 2, "groups": [], "user_permissions": []}}, {"model": "user.user", "pk": 5, "fields": {"password": "pbkdf2_sha256$390000$Qypk79NPRJIfWGefDxSURV$o6oaUGo8wdV+3y1GN5/PWfyNjBnmJ9ihQnGE8LOfG3c=", "last_login": "2022-12-05T19:09:07.507", "is_superuser": false, "username": "imauser", "first_name": "", "last_name": "", "email": "", "is_staff": false, "is_active": true, "date_joined": "2022-12-05T09:00:25.806", "age": 5, "gender": 2, "taste": "ACD", "question": 3, "groups": [], "user_permissions": []}}, {"model": "user.user", "pk": 6, "fields": {"password": "pbkdf2_sha256$390000$DWVLoX2qjgorah95AOHYjN$Mbr/FmeX7AjNXlApnUeyRbfM8q7nML1dkCRKjSmgNBk=", "last_login": "2022-12-07T20:26:44.797", "is_superuser": false, "username": "sun", "first_name": "", "last_name": "", "email": "", "is_staff": false, "is_active": true, "date_joined": "2022-12-05T09:00:52.935", "age": 5, "gender": 1, "taste": "AE", "question": 3, "groups": [], "user_permissions": []}}, {"model": "user.user", "pk": 7, "fields": {"password": "pbkdf2_sha256$390000$EvJQwXlX5QhWWqqSvAMv6c$HZqO6/4MZ7fkM3/TukOqSLIYriHJGBTS9s8K6Gd6OuA=", "last_login": null, "is_superuser": false, "username": "민나", "first_name": "", "last_name": "", "email": "", "is_staff": false, "is_active": true, "date_joined": "2022-12-07T19:29:47.805", "age": 2, "gender": 2, "taste": "AD", "question": 0, "groups": [], "user_permissions": []}}, {"model": "user.user", "pk": 8, "fields": {"password": "pbkdf2_sha256$390000$Bsj2p3ToZUF8phuQ7mYM4f$yCgi0BOCuHan4eQohH1OzNOrLQAB6AeRE/1uZzNVZ6I=", "last_login": "2022-12-07T19:30:18.659", "is_superuser": false, "username": "lee", "first_name": "", "last_name": "", "email": "", "is_staff": false, "is_active": true, "date_joined": "2022-12-07T19:30:13.403", "age": 3, "gender": 2, "taste": "AE", "question": 3, "groups": [], "user_permissions": []}}, {"model": "user.user", "pk": 9, "fields": {"password": "pbkdf2_sha256$390000$wQyE1NRdHDBCwmTNmRxlrB$QcusCoyApD25zFWq9/dFcyhnqt10InXxk06X57nS4vY=", "last_login": null, "is_superuser": false, "username": "안녕", "first_name": "", "last_name": "", "email": "", "is_staff": false, "is_active": true, "date_joined": "2022-12-07T19:30:39.043", "age": 4, "gender": 2, "taste": "AD", "question": 2, "groups": [], "user_permissions": []}}, {"model": "user.user", "pk": 10, "fields": {"password": "pbkdf2_sha256$390000$c5FIODZ6FTC1E3cNCNPUsM$KqynZhV0eiiu2imzNrCSW/BLc0SMkp2gTU95CiYQuaM=", "last_login": "2022-12-07T19:38:13.030", "is_superuser": false, "username": "askrid", "first_name": "", "last_name": "", "email": "", "is_staff": false, "is_active": true, "date_joined": "2022-12-07T19:38:01.492", "age": 2, "gender": 1, "taste": "AC", "question": 1, "groups": [], "user_permissions": []}}, {"model": "user.user", "pk": 11, "fields": {"password": "pbkdf2_sha256$390000$fE8u4mCgdlhfsWBpmdcGyc$3nrMi9k6A5tFdSzI9G1vb2n32zbKux6TpBMFnJs+yss=", "last_login": "2022-12-07T19:47:27.637", "is_superuser": false, "username": "asdf", "first_name": "", "last_name": "", "email": "", "is_staff": false, "is_active": true, "date_joined": "2022-12-07T19:47:17.461", "age": 2, "gender": 1, "taste": "", "question": 2, "groups": [], "user_permissions": []}}, {"model": "user.user", "pk": 12, "fields": {"password": "pbkdf2_sha256$390000$JIDMojeB1kapxV4ibx8L9B$+7adpp3dtNsMimszCOFS16rZO8skI9YBD5tWtLlptNE=", "last_login": "2022-12-07T20:10:31.298", "is_superuser": false, "username": "test", "first_name": "", "last_name": "", "email": "", "is_staff": false, "is_active": true, "date_joined": "2022-12-07T20:09:15.710", "age": 2, "gender": 1, "taste": "AD", "question": 2, "groups": [], "user_permissions": []}}, {"model": "user.user", "pk": 13, "fields": {"password": "pbkdf2_sha256$390000$rbWwpDMupLgmNmYy08KGZd$eBPuHuvyxB9tc/Kbicdampl9zW1c80osXDmToV17wKQ=", "last_login": "2022-12-07T20:21:53.689", "is_superuser": false, "username": "zxc", "first_name": "", "last_name": "", "email": "", "is_staff": false, "is_active": true, "date_joined": "2022-12-07T20:21:46.384", "age": 2, "gender": 1, "taste": "", "question": 2, "groups": [], "user_permissions": []}}, {"model": "user.user", "pk": 14, "fields": {"password": "pbkdf2_sha256$390000$5nEHbP2kpTKGYrfZWoFDF5$dLHhuPu5q9kyOZOvMT/aZvQ/HUaKpr+340+eHoMObhA=", "last_login": "2022-12-10T01:10:22.492", "is_superuser": false, "username": "yunwkgus", "first_name": "", "last_name": "", "email": "", "is_staff": false, "is_active": true, "date_joined": "2022-12-08T01:32:38.358", "age": 2, "gender": 1, "taste": "C", "question": 1, "groups": [], "user_permissions": []}}, {"model": "user.user", "pk": 15, "fields": {"password": "pbkdf2_sha256$390000$xZE3qe3WBWxnhvI49j3Cf6$auu89Ewx33cMAoFlVHMJccoQhNNU49jBXKDYcEC48wQ=", "last_login": null, "is_superuser": false, "username": "safari", "first_name": "", "last_name": "", "email": "", "is_staff": false, "is_active": true, "date_joined": "2022-12-08T01:39:24.648", "age": 3, "gender": 2, "taste": "AC", "question": 3, "groups": [], "user_permissions": []}}, {"model": "product.tag", "pk": 1, "fields": {"name": "도시락"}}, {"model": "product.tag", "pk": 2, "fields": {"name": "간편식사"}}, {"model": "product.tag", "pk": 3, "fields": {"name": "햄버거"}}, {"model": "product.tag", "pk": 4, "fields": {"name": "핫도그"}}, {"model": "product.tag", "pk": 5, "fields": {"name": "삼각김밥"}}, {"model": "product.tag", "pk": 6, "fields": {"name": "주먹밥"}}, {"model": "product.tag", "pk": 7, "fields": {"name": "김밥"}}, {"model": "product.tag", "pk": 8, "fields": {"name": "비스켓"}}, {"model": "product.tag", "pk": 9, "fields": {"name": "쿠키"}}, {"model": "product.tag", "pk": 10, "fields": {"name": "냉장디저트"}}, {"model": "product.tag", "pk": 11, "fields": {"name": "디저트"}}, {"model": "product.tag", "pk": 12, "fields": {"name": "스낵"}}, {"model": "product.tag", "pk": 13, "fields": {"name": "과자류"}}, {"model": "product.tag", "pk": 14, "fields": {"name": "조리빵"}}, {"model": "product.tag", "pk": 15, "fields": {"name": "찐빵류"}}, {"model": "product.tag", "pk": 16, "fields": {"name": "냉장젤리"}}, {"model": "product.tag", "pk": 17, "fields": {"name": "푸딩"}}, {"model": "product.tag", "pk": 18, "fields": {"name": "소프트캔디"}}, {"model": "product.tag", "pk": 19, "fields": {"name": "젤리류"}}, {"model": "product.tag", "pk": 20, "fields": {"name": "토이캔디"}}, {"model": "product.tag", "pk": 21, "fields": {"name": "캔디류"}}, {"model": "product.tag", "pk": 22, "fields": {"name": "HEYROO"}}, {"model": "product.tag", "pk": 23, "fields": {"name": "젤리"}}, {"model": "product.tag", "pk": 24, "fields": {"name": "초콜릿"}}, {"model": "product.tag", "pk": 25, "fields": {"name": "아이스크림"}}, {"model": "product.tag", "pk": 26, "fields": {"name": "간편식"}}, {"model": "product.tag", "pk": 27, "fields": {"name": "즉석식"}}, {"model": "product.tag", "pk": 28, "fields": {"name": "가공식사"}}, {"model": "product.tag", "pk": 29, "fields": {"name": "냉장면"}}, {"model": "product.tag", "pk": 30, "fields": {"name": "냉장밀키트"}}, {"model": "product.tag", "pk": 31, "fields": {"name": "햄"}}, {"model": "product.tag", "pk": 32, "fields": {"name": "소시지"}}, {"model": "product.tag", "pk": 33, "fields": {"name": "육가공류"}}, {"model": "product.tag", "pk": 34, "fields": {"name": "마른안주류"}}, {"model": "product.tag", "pk": 35, "fields": {"name": "안주류"}}, {"model": "product.tag", "pk": 36, "fields": {"name": "핫바"}}, {"model": "product.tag", "pk": 37, "fields": {"name": "과일"}}, {"model": "product.tag", "pk": 38, "fields": {"name": "식재료"}}, {"model": "product.tag", "pk": 39, "fields": {"name": "냉장커피"}}, {"model": "product.tag", "pk": 40, "fields": {"name": "커피음료"}}, {"model": "product.tag", "pk": 41, "fields": {"name": "캔/병커피"}}, {"model": "product.tag", "pk": 42, "fields": {"name": "건강음료"}}, {"model": "product.tag", "pk": 43, "fields": {"name": "음료"}}, {"model": "product.tag", "pk": 44, "fields": {"name": "아이스드링크"}}, {"model": "product.tag", "pk": 45, "fields": {"name": "요구르트"}}, {"model": "product.tag", "pk": 46, "fields": {"name": "효상요구르트"}}, {"model": "product.tag", "pk": 47, "fields": {"name": "발효유"}}, {"model": "product.tag", "pk": 48, "fields": {"name": "가공유"}}, {"model": "product.tag", "pk": 49, "fields": {"name": "우유"}}, {"model": "product.product", "pk": 1, "fields": {"name": "도)벌교꼬막비빔밥", "mainCategory": "간편식사", "subCategory": "도시락", "imageUrl": "https://tqklhszfkvzk6518638.cdn.ntruss.com/product/8809196616970.jpg", "details": "꼬막을 풍성하게 구성항 외관과 비쥬얼을 극대화 하였음(일부지역 미운영)", "price": 5000, "newProduct": true, "averageScore": 4.13, "rateCount": 12, "tags": [1, 2]}}, {"model": "product.product", "pk": 2, "fields": {"name": "도)자이언트일품닭강정", "mainCategory": "간편식사", "subCategory": "도시락", "imageUrl": "https://tqklhszfkvzk6518638.cdn.ntruss.com/product/8801771025320.jpg", "details": "지금까지 출시한 자이언트 닭강정 시리즈 중 가장 인기있는 레시피 적용", "price": 9900, "newProduct": true, "averageScore": 4.08, "rateCount": 8, "tags": [1, 2]}}, {"model": "product.product", "pk": 3, "fields": {"name": "도)자이언트중화양장피", "mainCategory": "간편식사", "subCategory": "도시락", "imageUrl": "https://tqklhszfkvzk6518638.cdn.ntruss.com/product/8801771025399.jpg", "details": "든든한 용량! 보장된 맛! 합리적 가격! 자이언트 안주시리즈의 새로운 상품!", "price": 9900, "newProduct": true, "averageScore": 4.0, "rateCount": 1, "tags": [1, 2]}}, {"model": "product.product", "pk": 4, "fields": {"name": "도)유니짜장덮밥", "mainCategory": "간편식사", "subCategory": "도시락", "imageUrl": "https://tqklhszfkvzk6518638.cdn.ntruss.com/product/8809802266322.jpg", "details": "살짝 매콤한 맛으로 느끼하지 않고 깔끔하게 먹을 수 있는 짜장덮밥", "price": 3500, "newProduct": false, "averageScore": 3.8, "rateCount": 5, "tags": [1, 2]}}, {"model": "product.product", "pk": 5, "fields": {"name": "도)불짬뽕덮밥", "mainCategory": "간편식사", "subCategory": "도시락", "imageUrl": "https://tqklhszfkvzk6518638.cdn.ntruss.com/product/8801771025351.jpg", "details": "런치플레이션 시기 가성비 덮밥 출시!", "price": 3500, "newProduct": false, "averageScore": 0.0, "rateCount": 0, "tags": [1, 2]}}, {"model": "product.product", "pk": 6, "fields": {"name": "도)듀록목살찹스테이크", "mainCategory": "간편식사", "subCategory": "도시락", "imageUrl": "https://tqklhszfkvzk6518638.cdn.ntruss.com/product/8809802266223.jpg", "details": "찹스테이크를 메인으로 푸드트럭과 웨스턴컨셉을 조합한 프리미엄 상품", "price": 6900, "newProduct": false, "averageScore": 0.0, "rateCount": 0, "tags": [1, 2]}}, {"model": "product.product", "pk": 7, "fields": {"name": "햄)더블롱킹너비아니버거", "mainCategory": "간편식사", "subCategory": "샌드위치/햄버거", "imageUrl": "https://tqklhszfkvzk6518638.cdn.ntruss.com/product/8801771025474.jpg", "details": "두툼한 너비아니패티 2장에 마늘향이 가득한 마늘간장 소스를 듬뿍올린 더블롱킹너비아니버거(일부지역 미운영)", "price": 3500, "newProduct": true, "averageScore": 0.0, "rateCount": 0, "tags": [2, 3]}}, {"model": "product.product", "pk": 8, "fields": {"name": "핫)미트칠리빅핫도그", "mainCategory": "간편식사", "subCategory": "샌드위치/햄버거", "imageUrl": "https://tqklhszfkvzk6518638.cdn.ntruss.com/product/8809383957350.jpg", "details": "육즙가득한 소시지에 매콤한 미트칠리소스를 가득 올린 미국식 핫도그", "price": 3600, "newProduct": true, "averageScore": 0.0, "rateCount": 0, "tags": [2, 4]}}, {"model": "product.product", "pk": 9, "fields": {"name": "핫)스노잉치즈빅핫도그", "mainCategory": "간편식사", "subCategory": "샌드위치/햄버거", "imageUrl": "https://tqklhszfkvzk6518638.cdn.ntruss.com/product/8809383957312.jpg", "details": "육즙가득한 통통한 롱소시지에 고소한 치즈를 가득 올린 미국식 핫도그", "price": 3600, "newProduct": true, "averageScore": 0.0, "rateCount": 0, "tags": [2, 4]}}, {"model": "product.product", "pk": 10, "fields": {"name": "햄)청양마요너비아니버거", "mainCategory": "간편식사", "subCategory": "샌드위치/햄 버거", "imageUrl": "https://tqklhszfkvzk6518638.cdn.ntruss.com/product/8809692953623.jpg", "details": "크리미한 머쉬룸 드레싱,청양소스,불고기소스로 풍부한 맛을 낸 너비아니 버거", "price": 3500, "newProduct": false, "averageScore": 0.0, "rateCount": 0, "tags": [2, 3]}}, {"model": "product.product", "pk": 11, "fields": {"name": "햄)파마산칠리치즈버거", "mainCategory": "간편식사", "subCategory": "샌드위치/햄버거", "imageUrl": "https://tqklhszfkvzk6518638.cdn.ntruss.com/product/8801068406542.jpg", "details": "단짠 고소한 파마산번에 스테이크 패티에 슬라이스 치즈를 얹고 매콤달콤한 칠리소스와 크래프트 파마산가루를 토핑하여 맛의 풍미를 살린 한끼 대용 버거", "price": 3500, "newProduct": false, "averageScore": 0.0, "rateCount": 0, "tags": [2, 3]}}, {"model": "product.product", "pk": 12, "fields": {"name": "햄)파마산스테이크버거", "mainCategory": "간편식사", "subCategory": "샌드위치/햄버거", "imageUrl": "https://tqklhszfkvzk6518638.cdn.ntruss.com/product/8801068406566.jpg", "details": "단짠 고소한 파마산번에 스테이크 패티에 야채샐러드와 더블햄을 넣어 든든함을 더하고 크래프트 파마산가루를 토핑하여 맛의 풍미를 살린 한끼 대용 버거", "price": 3500, "newProduct": false, "averageScore": 0.0, "rateCount": 0, "tags": [2, 3]}}, {"model": "product.product", "pk": 13, "fields": {"name": "주)수능대박소고기영양", "mainCategory": "간편식사", "subCategory": "주먹밥/김밥", "imageUrl": "https://tqklhszfkvzk6518638.cdn.ntruss.com/product/8809802265110.png", "details": "맛과 건강을 가득담은 소고기표고 버섯 삼각\"", "price": 1300, "newProduct": true, "averageScore": 0.0, "rateCount": 0, "tags": [2, 5, 6]}}, {"model": "product.product", "pk": 14, "fields": {"name": "주)벌교꼬막비빔삼각", "mainCategory": "간편식사", "subCategory": "주먹밥/김밥", "imageUrl": "https://tqklhszfkvzk6518638.cdn.ntruss.com/product/8801771025436.jpg", "details": "11월 제철 원료인 꼬막 ,벌교꼬막과 매콤한 비빔장 토핑을 가득넣은 삼각김밥(일부지역 미운영)", "price": 1300, "newProduct": true, "averageScore": 0.0, "rateCount": 0, "tags": [2, 5, 6]}}, {"model": "product.product", "pk": 15, "fields": {"name": "주)스팸데리마요밥바", "mainCategory": "간편식사", "subCategory": "주먹밥/김밥", "imageUrl": "https://tqklhszfkvzk6518638.cdn.ntruss.com/product/8809383957237.jpg", "details": "담백한 김가루+꼬들단무지밥과 데리마요소스+통스팸을 함께 곁들여 먹는 밥바", "price": 1900, "newProduct": true, "averageScore": 0.0, "rateCount": 0, "tags": [2, 6]}}, {"model": "product.product", "pk": 16, "fields": {"name": "주)참치마요&소고기더블", "mainCategory": "간편식사", "subCategory": "주먹밥/김밥", "imageUrl": "https://tqklhszfkvzk6518638.cdn.ntruss.com/product/8809453266634.jpg", "details": "스테디셀러 삼각김밥 2재가 붙어 있는 가성비 갑! 더블삼각김밥", "price": 1900, "newProduct": false, "averageScore": 0.0, "rateCount": 0, "tags": [2, 5]}}, {"model": "product.product", "pk": 17, "fields": {"name": "김)야키토리묵닭대파유부", "mainCategory": "간편식사", "subCategory": "주먹밥/김밥", "imageUrl": "https://tqklhszfkvzk6518638.cdn.ntruss.com/product/8809802266285.jpg", "details": "야키토리묵 특제 미소마요소스와 대파닭구이가 올라간 유부초밥", "price": 4200, "newProduct": false, "averageScore": 0.0, "rateCount": 0, "tags": [2, 7]}}, {"model": "product.product", "pk": 18, "fields": {"name": "주)듀록바베큐삼각", "mainCategory": "간편식사", "subCategory": "주먹밥/김밥", "imageUrl": "https://tqklhszfkvzk6518638.cdn.ntruss.com/product/8801771025276.jpg", "details": "세게 3대 품종중 하나인 듀록흑돼지 오븐구이를 바비큐소스에 듬뿍 버무린 삼각김밥", "price": 1300, "newProduct": false, "averageScore": 0.0, "rateCount": 0, "tags": [2, 5, 6]}}, {"model": "product.product", "pk": 19, "fields": {"name": "대산)단백질쿠키다크초코", "mainCategory": "과자류", "subCategory": "스낵/비스켓", "imageUrl": "https://tqklhszfkvzk6518638.cdn.ntruss.com/product/8809524430582.jpg", "details": "건강한 식습관을 위해 꾸준히 추천되는 식물성 단백질로 단백질 함량을 채운 제품", "price": 1200, "newProduct": true, "averageScore": 0.0, "rateCount": 0, "tags": [8, 9]}}, {"model": "product.product", "pk": 20, "fields": {"name": "연세)초코생크림빵", "mainCategory": "과자류", "subCategory": "스낵/비스켓", "imageUrl": "https://tqklhszfkvzk6518638.cdn.ntruss.com/product/8801753108775.jpg", "details": "CU 단독연세우유 콜라보 ① 연세우유 전용목장 우유로 만들어서 아이도 안심하고 먹을 수 있는 초코생크림 ② 시판 크림빵 대비 중량은 30% UP! ③ 연세우유의 고소한 초코우유크림이 아낌없이 가득 들어간 빵빵한 초코크림빵 ④ CU만의 레시피로 더욱 촉촉하고 부드러운 빵", "price": 2800, "newProduct": true, "averageScore": 3.7, "rateCount": 2, "tags": [10, 11]}}, {"model": "product.product", "pk": 21, "fields": {"name": "대산)쿠키런빅별딸기스낵", "mainCategory": "과자류", "subCategory": "스낵/비스켓", "imageUrl": "https://tqklhszfkvzk6518638.cdn.ntruss.com/product/8801728107031.jpg", "details": "CU 단독특별한 공법으로 과자 속까지 딸기원료가 침투하여 특별한 식감을 구현하는 제품", "price": 2000, "newProduct": true, "averageScore": 2.9, "rateCount": 2, "tags": [12, 13]}}, {"model": "product.product", "pk": 22, "fields": {"name": "대산)쿠키런빅별초코스낵", "mainCategory": "과자류", "subCategory": "스낵/비스켓", "imageUrl": "https://tqklhszfkvzk6518638.cdn.ntruss.com/product/8801728107024.jpg", "details": "CU 단독특별한 공법으로 과자 속까지 초콜릿 원료가 침투하여 특별한 식감을 구현하는 제품", "price": 2000, "newProduct": false, "averageScore": 0.0, "rateCount": 0, "tags": [12, 13]}}, {"model": "product.product", "pk": 23, "fields": {"name": "삼양)쌀별뽀빠이강정100g", "mainCategory": "과자류", "subCategory": "스낵/비스켓", "imageUrl": "https://tqklhszfkvzk6518638.cdn.ntruss.com/product/8801073312821.jpg", "details": "CU 단독별뽀빠이 브랜드 50주년을 기념한 새로운 형태와 식감의 고소담백 달달한 스낵", "price": 2000, "newProduct": false, "averageScore": 3.0, "rateCount": 1, "tags": [12, 13]}}, {"model": "product.product", "pk": 24, "fields": {"name": "해태)하프버터크림스틱", "mainCategory": "과자류", "subCategory": "스낵/비스켓", "imageUrl": "https://tqklhszfkvzk6518638.cdn.ntruss.com/product/8801019317064.jpg", "details": "CU 단독하프커피 시그니쳐 버터크림라떼 플레이버 출시", "price": 1700, "newProduct": false, "averageScore": 0.0, "rateCount": 0, "tags": [8, 13]}}, {"model": "product.product", "pk": 25, "fields": {"name": "참조은)기로로고구마호빵", "mainCategory": "과자류", "subCategory": "빵/디저트", "imageUrl": "https://tqklhszfkvzk6518638.cdn.ntruss.com/product/8809523623121.jpg", "details": "CU 단독-케로로 콜라보 뜨겁게 데우면 치즈가 사르르 녹아 한입 베어물면 고소한 치즈가 쭈욱 늘어나는 프리미엄 고구마 호빵. 케로로 스티커가 들어있어요!", "price": 2200, "newProduct": true, "averageScore": 0.0, "rateCount": 0, "tags": [14, 15]}}, {"model": "product.product", "pk": 26, "fields": {"name": "삼립)포켓몬딸기우유슈", "mainCategory": "과자류", "subCategory": "빵/디저트", "imageUrl": "https://tqklhszfkvzk6518638.cdn.ntruss.com/product/8801068408164.jpg", "details": "동그랗고 부드러운 슈 안에 딸기우유 카스타드 크림가 함유되어 한입 베어 물면 입안 가득 달콤함을 느낄 수 있는 디저트입니다.", "price": 2000, "newProduct": true, "averageScore": 0.0, "rateCount": 0, "tags": [10, 11]}}, {"model": "product.product", "pk": 27, "fields": {"name": "삼립)포켓몬딸기바닐라컵", "mainCategory": "과자류", "subCategory": "빵/디저트", "imageUrl": "https://tqklhszfkvzk6518638.cdn.ntruss.com/product/8801068408157.jpg", "details": "부드럽고 촉촉한 쉬폰 컵케익에 달콤한 바닐라빈크림과 딸기잼이 함유되어 달콤 상콤한 맛을 진하게 느낄 수 있습니다", "price": 3500, "newProduct": true, "averageScore": 0.0, "rateCount": 0, "tags": [10, 11]}}, {"model": "product.product", "pk": 28, "fields": {"name": "조이)하프버터크림쿠키슈", "mainCategory": "과자류", "subCategory": "빵/디저트", "imageUrl": "https://tqklhszfkvzk6518638.cdn.ntruss.com/product/8809692953685.jpg", "details": "★CU단독★ 인기 카페 하프커피의 버터크림라떼를 쿠키슈로 구현한 냉장 디저트", "price": 2600, "newProduct": false, "averageScore": 0.0, "rateCount": 0, "tags": [10, 11]}}, {"model": "product.product", "pk": 29, "fields": {"name": "조이)퐁당쇼콜라", "mainCategory": "과자류", "subCategory": "빵/디저트", "imageUrl": "https://tqklhszfkvzk6518638.cdn.ntruss.com/product/8809692953654.jpg", "details": "CU 단독 ① Made in France! 디저트의 나라 프랑스에서 직수입한 디저트 ② 진한 초콜릿을 느낄 수 있는 클래식한 초콜릿 디저트 퐁당쇼콜라 ③ 냉장 그대로 차가운 온도에서는 꾸덕한 식감의 브라우니처럼, 렌지업으로 따뜻하게 데우면 촉촉한 초콜릿이 흘러내리는 떠먹는 디저트로 변신", "price": 2600, "newProduct": false, "averageScore": 0.0, "rateCount": 0, "tags": [10, 11]}}, {"model": "product.product", "pk": 30, "fields": {"name": "돌)후룻컵플러스망고", "mainCategory": "과자류", "subCategory": "빵/디저트", "imageUrl": "https://tqklhszfkvzk6518638.cdn.ntruss.com/product/8809654956020.jpg", "details": "① 간편하고 건강하게 과일을 즐기고 싶은 소비자를 위한 냉장 과일디저트 ② 과일주스에 한 입 크기로 손질한 망고 구아바를 담은 상품 ③ 비타민C, 식이섬유를 포함해 더욱 상큼하게! 198g의 소용량으로 언제 어디서든 간편하게!", "price": 3200, "newProduct": false, "averageScore": 0.0, "rateCount": 0, "tags": [11, 16, 17]}}, {"model": "product.product", "pk": 31, "fields": {"name": "SC)크레용신짱새콤츄잉", "mainCategory": "과자류", "subCategory": "껌/초콜릿/캔디", "imageUrl": "https://tqklhszfkvzk6518638.cdn.ntruss.com/product/8809469910330.jpg", "details": "CU 단독 딸기, 블루베리, 사과, 오렌지, 레몬 총 다섯가지 맛의 새콤한 츄잉캔디가 들어 있습니다. 귀여운 짱구캐릭터로 포장되어 아이들이 더욱 좋아하는 제품입니다. ", "price": 1000, "newProduct": true, "averageScore": 0.0, "rateCount": 0, "tags": [18, 19]}}, {"model": "product.product", "pk": 32, "fields": {"name": "코코)케로로키링캔디", "mainCategory": "과자류", "subCategory": "껌/초콜릿/캔디", "imageUrl": "https://tqklhszfkvzk6518638.cdn.ntruss.com/product/6910289450561.jpg", "details": "CU 단독 ①달콤한 젤리와 케로로 캐릭터 키링이 20가지 랜덤으로 들어있습니다. ②젤리의 달콤함과 다양한 모양의 케로로 캐릭터 키링을 수집 할 수 있는 재미를 느낄 수 있습니다.", "price": 2500, "newProduct": true, "averageScore": 0.0, "rateCount": 0, "tags": [20]}}, {"model": "product.product", "pk": 33, "fields": {"name": "거림)엉덩이탐정오뚝캔디", "mainCategory": "과자류", "subCategory": "껌/초콜릿/캔디", "imageUrl": "https://tqklhszfkvzk6518638.cdn.ntruss.com/product/8809369150935.jpg", "details": "아동 서적 1위 베스트셀러 엉덩이 탐정을 귀엽고 이쁜 오뚝이로 만들었으며 말랑말랑한 귀여운 곰모양의 젤리가 들어 있는 제품입니다.", "price": 2500, "newProduct": true, "averageScore": 0.0, "rateCount": 0, "tags": [20, 21]}}, {"model": "product.product", "pk": 34, "fields": {"name": "HEYROO마늘맛콘스낵N", "mainCategory": "과자류", "subCategory": "껌/초콜릿/캔디", "imageUrl": "https://tqklhszfkvzk6518638.cdn.ntruss.com/product/8803173130039.jpg", "details": "CU 단독 ① 옥수수를 튀겨 마늘과 설탕시럽을 코팅해 옥수수의 진한 향과 씹을수록 고소한 맛 살아나는 장수 인기 스낵 ② 넉넉한 중량으로 안주나 간식용으로 즐기기 좋은 HEYROO 대표 인기 스낵", "price": 1700, "newProduct": false, "averageScore": 0.0, "rateCount": 0, "tags": [12, 13, 22]}}, {"model": "product.product", "pk": 35, "fields": {"name": "서주)톡꿀젤리허니레몬", "mainCategory": "과자류", "subCategory": "껌/초콜릿/캔디", "imageUrl": "https://tqklhszfkvzk6518638.cdn.ntruss.com/product/8801725001035.jpg", "details": "귀여운 몰드(곰돌이, 꿀단지)로 다양한 방법으로 먹을 수 있는 제품", "price": 3000, "newProduct": false, "averageScore": 0.0, "rateCount": 0, "tags": [23]}}, {"model": "product.product", "pk": 36, "fields": {"name": "롯데)허쉬코코아리치커피", "mainCategory": "과자류", "subCategory": "껌/초콜릿/캔디", "imageUrl": "https://tqklhszfkvzk6518638.cdn.ntruss.com/product/6942836723811.jpg", "details": "리치커피와 조화를 이룬 크리미한 달콤함!", "price": 1800, "newProduct": false, "averageScore": 0.0, "rateCount": 0, "tags": [24]}}, {"model": "product.product", "pk": 37, "fields": {"name": "라벨리)옥수수익어가는바", "mainCategory": "아이스크림", "subCategory": "아이스크림", "imageUrl": "https://tqklhszfkvzk6518638.cdn.ntruss.com/product/8805584111416.jpg", "details": "실제 옥수수알갱이가 16.9%이상 함유된 제품으로 한입 베어물때마다 씹히는 식감을 처음부터 끝까지 즐길 수 있는 제품", "price": 1200, "newProduct": true, "averageScore": 3.23, "rateCount": 7, "tags": [25]}}, {"model": "product.product", "pk": 38, "fields": {"name": "하겐)레드벨벳치즈미니컵", "mainCategory": "아이스크림", "subCategory": "아이스크림", "imageUrl": "https://tqklhszfkvzk6518638.cdn.ntruss.com/product/3415587394294.jpg", "details": "① 풍부한맛의 치즈가 농축되어 특유의 꾸덕함과 진한 풍미 ② 비트에서 추출한 강렬한 붉은 빛의 레드벨벳 미니컵", "price": 5900, "newProduct": true, "averageScore": 3.73, "rateCount": 3, "tags": [25]}}, {"model": "product.product", "pk": 39, "fields": {"name": "하겐)레드벨벳치즈파인트", "mainCategory": "아이스크림", "subCategory": "아이스크림", "imageUrl": "https://tqklhszfkvzk6518638.cdn.ntruss.com/product/3415587194290.jpg", "details": "① 풍부한맛의 치즈가 농축되어 특유의 꾸덕함과 진한 풍미 ② 비트에서 추출한 강렬한 붉은 빛의 레드벨벳 아이스크림", "price": 15900, "newProduct": true, "averageScore": 3.2, "rateCount": 1, "tags": [25]}}, {"model": "product.product", "pk": 40, "fields": {"name": "빙그레)호두붕어싸만코", "mainCategory": "아이스크림", "subCategory": "아이스크림", "imageUrl": "https://tqklhszfkvzk6518638.cdn.ntruss.com/product/8801104675444.jpg", "details": "호두과자 컨셉의 붕어싸만코", "price": 2000, "newProduct": false, "averageScore": 3.5, "rateCount": 2, "tags": [25]}}, {"model": "product.product", "pk": 41, "fields": {"name": "나뚜루)녹차초코넛파인트", "mainCategory": "아이스크림", "subCategory": "아이스크림", "imageUrl": "https://tqklhszfkvzk6518638.cdn.ntruss.com/product/8801062865536.jpg", "details": "식물성 원료에서 오는 풍부한 맛과 풍성한 식감 녹차초코 아이스크림, 견과(캐슈넛,아몬드) 페이스트 베이스로 동물성유크림 대체, 초코퍼지와 구운 피스타치오 첨가로 다양한 식감 및 전체적인 맛 밸런스 UP, 식물성 빵, 크래커,씨리얼 등 무엇과 곁들여도 꿀조합", "price": 12900, "newProduct": false, "averageScore": 3.8, "rateCount": 1, "tags": [25]}}, {"model": "product.product", "pk": 42, "fields": {"name": "유니)벤앤초코퍼지파인트", "mainCategory": "아이스크림", "subCategory": "아이스크림", "imageUrl": "https://tqklhszfkvzk6518638.cdn.ntruss.com/product/0076840100477.jpg", "details": "초콜릿 베이스에 브라우니가 듬뿍 들어 있는 시그니처 아이스크림", "price": 12900, "newProduct": false, "averageScore": 1.8, "rateCount": 1, "tags": [25]}}, {"model": "product.product", "pk": 43, "fields": {"name": "우양)점보체다모짜핫도그", "mainCategory": "식품", "subCategory": "가공식사", "imageUrl": "https://tqklhszfkvzk6518638.cdn.ntruss.com/product/8805489002642.jpg", "details": "점보 빅사이즈의 크리스피한 빵에 고소한 체다와 모짜렐라치즈가 함께 있어 고소한 풍미가 가득한 핫도그", "price": 2500, "newProduct": true, "averageScore": 0.0, "rateCount": 1, "tags": [26, 27, 28]}}, {"model": "product.product", "pk": 44, "fields": {"name": "삼양)리얼쯔란치킨200g", "mainCategory": "식품", "subCategory": "가공식사", "imageUrl": "https://tqklhszfkvzk6518638.cdn.ntruss.com/product/8801073010208.jpg", "details": "맵+단+짠 쯔란시즈닝으로 새로운 치킨의 맛!", "price": 5900, "newProduct": true, "averageScore": 0.0, "rateCount": 0, "tags": [26, 27, 28]}}, {"model": "product.product", "pk": 45, "fields": {"name": "삼립)하이면황태칼국수", "mainCategory": "식품", "subCategory": "가공식사", "imageUrl": "https://tqklhszfkvzk6518638.cdn.ntruss.com/product/8801068407907.jpg", "details": "국내산 황태와 멸치 계란고명이 들어가 개운하면서도 깊고 진한 국물맛 - 강원도 인제 용대리 황태 덕장의 황태를 넣었습니다.", "price": 3800, "newProduct": true, "averageScore": 3.1, "rateCount": 2, "tags": [27, 29]}}, {"model": "product.product", "pk": 46, "fields": {"name": "삼립)하이면딱새우칼국수", "mainCategory": "식품", "subCategory": "가공식사", "imageUrl": "https://tqklhszfkvzk6518638.cdn.ntruss.com/product/8801068407891.jpg", "details": "제주도에서 자란 영양담백 딱새우를 넣어 바다내음 물씬- 수심 120m 이하에서 사는 딱새우(가시발새우)를 넣었습니다.", "price": 3800, "newProduct": false, "averageScore": 0.0, "rateCount": 0, "tags": [27, 29]}}, {"model": "product.product", "pk": 47, "fields": {"name": "프레)해물짬뽕순두부", "mainCategory": "식품", "subCategory": "가공식사", "imageUrl": "https://tqklhszfkvzk6518638.cdn.ntruss.com/product/8809558846076.jpg", "details": "돈사골 육수를 넣은 짬뽕소스에 식감이 살아있는 새우와 오징어를 담은 부드러운 순두부 맛이 일품인 짬뽕순두부", "price": 11900, "newProduct": false, "averageScore": 0.0, "rateCount": 0, "tags": [30]}}, {"model": "product.product", "pk": 48, "fields": {"name": "프레)장칼국수", "mainCategory": "식품", "subCategory": "가공식사", "imageUrl": "https://tqklhszfkvzk6518638.cdn.ntruss.com/product/8809558842276.jpg", "details": "시골 장터에서 맛보던 칼국수 맛 그대로 재현해 넉넉한 양과 짙은 국물맛을 자랑하는 상품", "price": 9900, "newProduct": false, "averageScore": 0.0, "rateCount": 0, "tags": [28, 30]}}, {"model": "product.product", "pk": 49, "fields": {"name": "동원)그릴크림폴페타80g", "mainCategory": "식품", "subCategory": "안주류", "imageUrl": "https://tqklhszfkvzk6518638.cdn.ntruss.com/product/8801047574705.jpg", "details": "이탈리아 정통 가정식 폴페타(돼지고기와 구운 양파와 마늘) 속에 크림소스.", "price": 3500, "newProduct": true, "averageScore": 3.6, "rateCount": 1, "tags": [31, 32, 33]}}, {"model": "product.product", "pk": 50, "fields": {"name": "CJ)맛군밤60g", "mainCategory": "식품", "subCategory": "안주류", "imageUrl": "https://tqklhszfkvzk6518638.cdn.ntruss.com/product/8801007427386.jpg", "details": "직화 불에 직접 구운 고소한 군밤", "price": 3500, "newProduct": true, "averageScore": 3.0, "rateCount": 1, "tags": [34, 35]}}, {"model": "product.product", "pk": 51, "fields": {"name": "바프)와사비맛땅콩120g", "mainCategory": "식품", "subCategory": "안주류", "imageUrl": "https://tqklhszfkvzk6518638.cdn.ntruss.com/product/8809617944842.jpg", "details": "달달하고 알싸한 와사비맛 시즈닝의 고소한 시즈닝 땅콩", "price": 3900, "newProduct": true, "averageScore": 4.4, "rateCount": 1, "tags": [34, 35]}}, {"model": "product.product", "pk": 52, "fields": {"name": "CJ)닭가슴살비엔나120g", "mainCategory": "식품", "subCategory": "안주류", "imageUrl": "https://tqklhszfkvzk6518638.cdn.ntruss.com/product/8801392001710.jpg", "details": "나트륨 25% down으로 짜지 않고 담백하면서 고단백 단백질 풍부한 안심반찬", "price": 3900, "newProduct": false, "averageScore": 0.0, "rateCount": 0, "tags": [31, 32, 35]}}, {"model": "product.product", "pk": 53, "fields": {"name": "머거본)볶음땅콩100g", "mainCategory": "식품", "subCategory": "안주류", "imageUrl": "https://tqklhszfkvzk6518638.cdn.ntruss.com/product/8801133009364.jpg", "details": "고소하고 녹진한 맛과 부드러운 식감의 미국산 볶음 땅콩", "price": 3000, "newProduct": false, "averageScore": 0.0, "rateCount": 0, "tags": [34, 35]}}, {"model": "product.product", "pk": 54, "fields": {"name": "탑티어)불고기맛핫바90g", "mainCategory": "식품", "subCategory": "안주류", "imageUrl": "https://tqklhszfkvzk6518638.cdn.ntruss.com/product/8802266500322.jpg", "details": "CU 단독T1 제휴 상품으로 한국의 전통 메뉴인 불고기맛을 입힌 핫바 상품", "price": 2300, "newProduct": false, "averageScore": 0.0, "rateCount": 0, "tags": [35, 36]}}, {"model": "product.product", "pk": 55, "fields": {"name": "팜스C)밀감400g(팩)", "mainCategory": "식품", "subCategory": "식재료", "imageUrl": "https://tqklhszfkvzk6518638.cdn.ntruss.com/product/8809917000002.jpg", "details": "높은 당도를 유지하며 합리적인 가격의 상품", "price": 2700, "newProduct": true, "averageScore": 0.0, "rateCount": 0, "tags": [37, 38]}}, {"model": "product.product", "pk": 56, "fields": {"name": "해성)달콤한대봉4입(팩)", "mainCategory": "식품", "subCategory": "식재료", "imageUrl": "https://tqklhszfkvzk6518638.cdn.ntruss.com/product/8809826440432.jpg", "details": "달달하여 부드러운 식감", "price": 4900, "newProduct": true, "averageScore": 0.0, "rateCount": 0, "tags": [37, 38]}}, {"model": "product.product", "pk": 57, "fields": {"name": "해성)달콤한대봉2입(팩)", "mainCategory": "식품", "subCategory": "식재료", "imageUrl": "https://tqklhszfkvzk6518638.cdn.ntruss.com/product/8809826440425.jpg", "details": "달달하여 부드러운 식감", "price": 2900, "newProduct": true, "averageScore": 3.6, "rateCount": 1, "tags": [37, 38]}}, {"model": "product.product", "pk": 58, "fields": {"name": "H&B)엔비사과6입봉", "mainCategory": "식품", "subCategory": "식재료", "imageUrl": "https://tqklhszfkvzk6518638.cdn.ntruss.com/product/8809529022270.jpg", "details": "아삭한 식감 / 높은 당도 / 풍부한 향미 / 노랜 바탕의 붉은 색택 / 갈변이 느리게 진행 / 높은 풍산성 엔비사과는 냉장보관시 저장기간이 오래갑니다. 아삭하고 엔비사과만의 특유한 향이 있어서 사과를 더욱 맛있게 합니다.", "price": 13500, "newProduct": false, "averageScore": 0.0, "rateCount": 0, "tags": [37, 38]}}, {"model": "product.product", "pk": 59, "fields": {"name": "H&B)엔비사과2입팩", "mainCategory": "식품", "subCategory": "식재료", "imageUrl": "https://tqklhszfkvzk6518638.cdn.ntruss.com/product/8809226300237.jpg", "details": "아삭한식감 / 풍부한향미 / 노란색에 붉은 색택 / 갈변이 천천히 이루어짐", "price": 6000, "newProduct": false, "averageScore": 0.0, "rateCount": 0, "tags": [37, 38]}}, {"model": "product.product", "pk": 60, "fields": {"name": "H&B)엔비세척사과1입", "mainCategory": "식품", "subCategory": "식재료", "imageUrl": "https://tqklhszfkvzk6518638.cdn.ntruss.com/product/8809226252116.jpg", "details": "아삭한식감 / 높은 당도 / 풍부한향미 / 노란 바탕의 붉은 색택 / 갈변이 느리게 진행됨", "price": 3300, "newProduct": false, "averageScore": 0.0, "rateCount": 0, "tags": [37, 38]}}, {"model": "product.product", "pk": 61, "fields": {"name": "하프)말차크림라떼250ml", "mainCategory": "음료", "subCategory": "음료", "imageUrl": "https://tqklhszfkvzk6518638.cdn.ntruss.com/product/8809350889035.jpg", "details": "CU 단독 국내산 1급A 원유 사용(45%)한 달콤쌉싸름한 가을과 어울리는 말차크림라떼", "price": 2500, "newProduct": true, "averageScore": 2.2, "rateCount": 1, "tags": [39]}}, {"model": "product.product", "pk": 62, "fields": {"name": "하프)버터크림라떼250ml", "mainCategory": "음료", "subCategory": "음료", "imageUrl": "https://tqklhszfkvzk6518638.cdn.ntruss.com/product/8809350889028.jpg", "details": "CU 단독 ① 국내산 1급A원유 사용(원유함량 50%)한 스카치캔디맛의 버터맛 커피 ② 스카치 캔디맛의 버터 풍미를 느낄 수 있는 상품", "price": 2500, "newProduct": true, "averageScore": 3.0, "rateCount": 2, "tags": [39, 40]}}, {"model": "product.product", "pk": 63, "fields": {"name": "하프)바나나크림라떼250ml", "mainCategory": "음료", "subCategory": "음료", "imageUrl": "https://tqklhszfkvzk6518638.cdn.ntruss.com/product/8801104940191.jpg", "details": "CU 단독버터크림라떼 원조의 스페셜티 커피전문점 하프커피 콜라보 커피", "price": 2700, "newProduct": true, "averageScore": 0.0, "rateCount": 0, "tags": [40, 41]}}, {"model": "product.product", "pk": 64, "fields": {"name": "하프)아메리카노P410", "mainCategory": "음료", "subCategory": "음료", "imageUrl": "https://tqklhszfkvzk6518638.cdn.ntruss.com/product/8801104940177.jpg", "details": "CU 단독버터크림라떼 원조의 스페셜티 커피전문점 하프커피 콜라보 커피", "price": 2700, "newProduct": false, "averageScore": 3.6, "rateCount": 1, "tags": [40, 41]}}, {"model": "product.product", "pk": 65, "fields": {"name": "칸타타)콜드브루캔275ml", "mainCategory": "음료", "subCategory": "음료", "imageUrl": "https://tqklhszfkvzk6518638.cdn.ntruss.com/product/8801056032159.jpg", "details": "① 언제 어디서나 간편하게 즐기는 프리미엄 원두커피 ② 찬물로 추출하여 커피 맛과 향이 신선하고 부드러운 블랙커피", "price": 2200, "newProduct": false, "averageScore": 3.0, "rateCount": 1, "tags": [40, 41]}}, {"model": "product.product", "pk": 66, "fields": {"name": "랩노쉬)프로틴바나나P350", "mainCategory": "음료", "subCategory": "음료", "imageUrl": "https://tqklhszfkvzk6518638.cdn.ntruss.com/product/8809495075560.jpg", "details": "① 바나나의 달콤한 맛이 느껴지는 프로틴 드링크 ② 저당/저지방 (Low SUGAR Low FAT) 설계로 건강하게 단백질 섭취 ③ 칼슘식이섬유 그리고 BCAA까지 포함된 균형잡힌 프로틴드링크!", "price": 3200, "newProduct": false, "averageScore": 2.8, "rateCount": 1, "tags": [42, 43]}}, {"model": "product.product", "pk": 67, "fields": {"name": "롯데)스크류바에이드230ml", "mainCategory": "음료", "subCategory": "아이스드링크", "imageUrl": "https://tqklhszfkvzk6518638.cdn.ntruss.com/product/8801062874941.jpg", "details": "CU 단독빙과 메가 브랜드 스크류바를 활용한 파우치 음료,빙과류 이미지 활용 제품", "price": 1200, "newProduct": true, "averageScore": 2.4, "rateCount": 2, "tags": [43, 44]}}, {"model": "product.product", "pk": 68, "fields": {"name": "롯데)수박바에이드230ml", "mainCategory": "음료", "subCategory": "아이스드링크", "imageUrl": "https://tqklhszfkvzk6518638.cdn.ntruss.com/product/8801062874934.jpg", "details": "CU 단독 빙과류 메가브랜드 수박바를 활용한 파우치 음료, 여름에 시원한 수박바 이미지 제품.", "price": 1200, "newProduct": true, "averageScore": 0.0, "rateCount": 0, "tags": [43, 44]}}, {"model": "product.product", "pk": 69, "fields": {"name": "광동)비타500에이드230ml", "mainCategory": "음료", "subCategory": "아이스드링크", "imageUrl": "https://tqklhszfkvzk6518638.cdn.ntruss.com/product/8806002013398.jpg", "details": "CU 단독건강음료 1위 비타500의 아이스드링크 상품. 파우치(1800원)", "price": 1200, "newProduct": true, "averageScore": 3.1, "rateCount": 2, "tags": [43, 44]}}, {"model": "product.product", "pk": 70, "fields": {"name": "남양)초코에몽에이드230ml", "mainCategory": "음료", "subCategory": "아이스드링크", "imageUrl": "https://tqklhszfkvzk6518638.cdn.ntruss.com/product/8801069408989.jpg", "details": "얼음과 함께 시원하게 마시는 초코에몽 드링크", "price": 1200, "newProduct": false, "averageScore": 4.6, "rateCount": 1, "tags": [43, 44]}}, {"model": "product.product", "pk": 71, "fields": {"name": "코카)조지아스윗아메230ml", "mainCategory": "음료", "subCategory": "아이스드링크", "imageUrl": "https://tqklhszfkvzk6518638.cdn.ntruss.com/product/8801094546403.jpg", "details": "① 세계 1위 RTD 커피 브랜드 조지아의 아이스 아메리카노 ② 파우치(1800원)", "price": 1200, "newProduct": false, "averageScore": 5.0, "rateCount": 1, "tags": [43, 44]}}, {"model": "product.product", "pk": 72, "fields": {"name": "롯데)칸타타바닐라아메230", "mainCategory": "음료", "subCategory": "아이스드링크", "imageUrl": "https://tqklhszfkvzk6518638.cdn.ntruss.com/product/8801056228149.jpg", "details": "① 롯데칠성 칸타타 브랜드의 바닐라향 아메리카노 커피 ② 브라질산 원두 농충액 사용 ③ 바닐라향 첨가된 신제품", "price": 1200, "newProduct": false, "averageScore": 2.6, "rateCount": 1, "tags": [44]}}, {"model": "product.product", "pk": 73, "fields": {"name": "빙그레)요플레토핑쿠키", "mainCategory": "음료", "subCategory": "유제품", "imageUrl": "https://tqklhszfkvzk6518638.cdn.ntruss.com/product/8801104308267.jpg", "details": "① 요플레의 요거트와 대중성을 높인 쿠키앤크림 토핑으로 담은 상품 ② 바삭바삭한 토핑으로 식감을 즐기며 즐길 수 있는 간편 대용식", "price": 2000, "newProduct": true, "averageScore": 0.0, "rateCount": 0, "tags": [45, 46]}}, {"model": "product.product", "pk": 74, "fields": {"name": "롯데)편한하루캐모마일4입", "mainCategory": "음료", "subCategory": "유제품", "imageUrl": "https://tqklhszfkvzk6518638.cdn.ntruss.com/product/8801207159322.jpg", "details": "특허받은 유당분해 공법으로 유당이 없으며 더욱 속을 편안하게 하는 건강 발효유 (4입)", "price": 6800, "newProduct": true, "averageScore": 0.0, "rateCount": 0, "tags": [45, 47]}}, {"model": "product.product", "pk": 75, "fields": {"name": "롯데)편한하루캐모마일", "mainCategory": "음료", "subCategory": "유제품", "imageUrl": "https://tqklhszfkvzk6518638.cdn.ntruss.com/product/8801207159315.jpg", "details": "① 특허받은 유당분해 공법으로 유당이 없으며더욱 속을 편안하게 하는 건강 발효유", "price": 1700, "newProduct": true, "averageScore": 0.0, "rateCount": 0, "tags": [45, 47]}}, {"model": "product.product", "pk": 76, "fields": {"name": "서울FB)딩대우유커피250ml", "mainCategory": "음료", "subCategory": "유제품", "imageUrl": "https://tqklhszfkvzk6518638.cdn.ntruss.com/product/8809350889011.jpg", "details": "CU 단독 EBS 캐릭터 딩대의 붱철조교 패키지를 활용한 국내산 1A원유 40% 함유 고카페인 커피. HACCP 인증을 받은 제조시설에서 Acepitics(무균)공정으로 안전하게 제조.", "price": 2200, "newProduct": false, "averageScore": 0.0, "rateCount": 0, "tags": [48]}}, {"model": "product.product", "pk": 77, "fields": {"name": "서울FB)딩대우유초코250ml음료", "mainCategory": "유제품", "subCategory": "유제품", "imageUrl": "https://tqklhszfkvzk6518638.cdn.ntruss.com/product/8809350881466.jpg", "details": "CU 단독 EBS 캐릭터 딩대의 낄희교수 활용한 단백질 10g 함유한 저지방 너티초코맛 우유. HACCP인증을 받은 제조시설에서 Aceptics(무균)공정으로 안전하게 제조.", "price": 2200, "newProduct": false, "averageScore": 0.0, "rateCount": 0, "tags": [48, 49]}}, {"model": "product.product", "pk": 78, "fields": {"name": "올가)올라프로틴코코아", "mainCategory": "음료", "subCategory": "유제품", "imageUrl": "https://tqklhszfkvzk6518638.cdn.ntruss.com/product/8809490591706.jpg", "details": "① 비건인증 식물성 프로틴음료 ② 식물성프로틴 12g트랜스지방 포화지방 0% 식이섬유 10g이 들어간 상품", "price": 2200, "newProduct": false, "averageScore": 0.0, "rateCount": 0, "tags": [43, 48]}}, {"model": "product.rate", "pk": 15, "fields": {"user": 2, "product": 1, "scores": "55555", "averageScore": 5.0, "comment": "이거에요", "picture": "2022/12/07/KakaoTalk_20210822_110313494.jpg", "likedCount": 4, "created_at": "2022-12-07T13:35:37.078"}}, {"model": "product.rate", "pk": 16, "fields": {"user": 2, "product": 2, "scores": "53444", "averageScore": 4.0, "comment": "닭강정은 맛없을 수가..", "picture": "", "likedCount": 1, "created_at": "2022-12-05T19:04:30.136"}}, {"model": "product.rate", "pk": 17, "fields": {"user": 2, "product": 37, "scores": "34532", "averageScore": 3.4, "comment": "옥수수 최고오", "picture": "", "likedCount": 3, "created_at": "2022-11-29T19:04:43"}}, {"model": "product.rate", "pk": 18, "fields": {"user": 2, "product": 4, "scores": "45343", "averageScore": 3.8, "comment": "맨날 점심으로 먹어요 가성비 갑", "picture": "2022/12/05/KakaoTalk_20210920_180107311.jpg", "likedCount": 2, "created_at": "2022-12-05T19:05:21.642"}}, {"model": "product.rate", "pk": 19, "fields": {"user": 3, "product": 1, "scores": "44445", "averageScore": 4.2, "comment": "편의점에서 꼬막이라뇨! 너무 좋습니다.", "picture": "", "likedCount": 1, "created_at": "2022-11-05T19:05:59"}}, {"model": "product.rate", "pk": 20, "fields": {"user": 3, "product": 4, "scores": "43454", "averageScore": 4.0, "comment": "조금 텁텁해요ㅜㅜ 콜라 필수 입니다. ", "picture": "", "likedCount": 1, "created_at": "2022-12-05T19:06:25.716"}}, {"model": "product.rate", "pk": 21, "fields": {"user": 3, "product": 2, "scores": "34332", "averageScore": 3.0, "comment": "맛있지만 좀 비싼 것 같기도 해요ㅜㅜ", "picture": "2022/12/05/KakaoTalk_20210908_163241979_01.jpg", "likedCount": 0, "created_at": "2022-12-05T19:06:48.432"}}, {"model": "product.rate", "pk": 22, "fields": {"user": 3, "product": 37, "scores": "33312", "averageScore": 2.4, "comment": "너무 달아여", "picture": "", "likedCount": 0, "created_at": "2022-12-05T19:07:08.739"}}, {"model": "product.rate", "pk": 23, "fields": {"user": 6, "product": 1, "scores": "43242", "averageScore": 3.0, "comment": "냠냠냠 약간 물립니다.", "picture": "", "likedCount": 3, "created_at": "2022-07-05T19:07:32"}}, {"model": "product.rate", "pk": 24, "fields": {"user": 6, "product": 2, "scores": "55555", "averageScore": 5.0, "comment": "양념 대박이에요~~~", "picture": "", "likedCount": 2, "created_at": "2022-12-03T19:07:46"}}, {"model": "product.rate", "pk": 25, "fields": {"user": 6, "product": 4, "scores": "44445", "averageScore": 4.2, "comment": "짜자장", "picture": "", "likedCount": 0, "created_at": "2022-12-05T19:07:57.842"}}, {"model": "product.rate", "pk": 26, "fields": {"user": 6, "product": 37, "scores": "52444", "averageScore": 3.8, "comment": "자꾸 손이 가는데!", "picture": "2022/12/05/KakaoTalk_20210925_220830314_01.jpg", "likedCount": 1, "created_at": "2022-12-04T19:08:28"}}, {"model": "product.rate", "pk": 27, "fields": {"user": 5, "product": 1, "scores": "55555", "averageScore": 5.0, "comment": "마치 강릉 엄지네 꼬막집 같은 느낌", "picture": "", "likedCount": 1, "created_at": "2022-12-01T19:09:31"}}, {"model": "product.rate", "pk": 28, "fields": {"user": 5, "product": 2, "scores": "53434", "averageScore": 3.8, "comment": "닭강정 standard 그 맛", "picture": "", "likedCount": 4, "created_at": "2022-12-05T19:09:46.486"}}, {"model": "product.rate", "pk": 29, "fields": {"user": 5, "product": 4, "scores": "33433", "averageScore": 3.2, "comment": "장자짜", "picture": "", "likedCount": 0, "created_at": "2022-12-05T19:09:58.304"}}, {"model": "product.rate", "pk": 30, "fields": {"user": 5, "product": 37, "scores": "33334", "averageScore": 3.2, "comment": "약간 물컹한데여", "picture": "2022/12/05/KakaoTalk_20210915_192801028_05.jpg", "likedCount": 0, "created_at": "2022-12-01T19:10:16"}}, {"model": "product.rate", "pk": 31, "fields": {"user": 1, "product": 4, "scores": "43552", "averageScore": 3.8, "comment": "생각보다 더 괜찮았어요 재구매의사 완전 있습니다", "picture": "", "likedCount": 0, "created_at": "2022-12-04T19:11:40"}}, {"model": "product.rate", "pk": 40, "fields": {"user": 1, "product": 21, "scores": "54423", "averageScore": 3.6, "comment": "ㅍㅍ", "picture": "", "likedCount": 1, "created_at": "2022-12-06T17:44:07.271"}}, {"model": "product.rate", "pk": 41, "fields": {"user": 10, "product": 38, "scores": "41344", "averageScore": 3.2, "comment": "비싸다", "picture": "", "likedCount": 1, "created_at": "2022-12-07T19:40:07.117"}}, {"model": "product.rate", "pk": 42, "fields": {"user": 11, "product": 21, "scores": "02432", "averageScore": 2.2, "comment": "냠냠굿", "picture": "", "likedCount": 0, "created_at": "2022-12-07T19:48:13.964"}}, {"model": "product.rate", "pk": 43, "fields": {"user": 11, "product": 20, "scores": "25243", "averageScore": 3.2, "comment": "괜찮아요~", "picture": "", "likedCount": 1, "created_at": "2022-12-07T19:49:23.269"}}, {"model": "product.rate", "pk": 44, "fields": {"user": 11, "product": 62, "scores": "23124", "averageScore": 2.4, "comment": "리뷰", "picture": "", "likedCount": 0, "created_at": "2022-12-07T19:49:38.100"}}, {"model": "product.rate", "pk": 45, "fields": {"user": 11, "product": 40, "scores": "34332", "averageScore": 3.0, "comment": "붕어빵!", "picture": "", "likedCount": 0, "created_at": "2022-12-07T19:49:49.486"}}, {"model": "product.rate", "pk": 46, "fields": {"user": 11, "product": 38, "scores": "33425", "averageScore": 3.4, "comment": "레드벨벳", "picture": "", "likedCount": 1, "created_at": "2022-12-07T19:50:01.352"}}, {"model": "product.rate", "pk": 47, "fields": {"user": 11, "product": 69, "scores": "34433", "averageScore": 3.4, "comment": "비타 오백", "picture": "", "likedCount": 0, "created_at": "2022-12-07T19:50:11.429"}}, {"model": "product.rate", "pk": 48, "fields": {"user": 11, "product": 39, "scores": "34243", "averageScore": 3.2, "comment": "냠냠", "picture": "", "likedCount": 0, "created_at": "2022-12-07T19:50:20.928"}}, {"model": "product.rate", "pk": 49, "fields": {"user": 11, "product": 45, "scores": "34323", "averageScore": 3.0, "comment": "비싸더라요", "picture": "", "likedCount": 0, "created_at": "2022-12-07T19:50:34.367"}}, {"model": "product.rate", "pk": 50, "fields": {"user": 11, "product": 64, "scores": "53433", "averageScore": 3.6, "comment": "아메리카노!", "picture": "", "likedCount": 0, "created_at": "2022-12-07T19:50:43.348"}}, {"model": "product.rate", "pk": 51, "fields": {"user": 11, "product": 41, "scores": "54433", "averageScore": 3.8, "comment": "역시 나뚜루", "picture": "", "likedCount": 0, "created_at": "2022-12-07T19:50:52.395"}}, {"model": "product.rate", "pk": 52, "fields": {"user": 11, "product": 66, "scores": "33332", "averageScore": 2.8, "comment": "으악", "picture": "2022/12/07/download.gif", "likedCount": 0, "created_at": "2022-12-07T19:51:06.336"}}, {"model": "product.rate", "pk": 53, "fields": {"user": 11, "product": 1, "scores": "42334", "averageScore": 3.2, "comment": "심슨도 울고간 맛", "picture": "2022/12/07/download_io89L3q.gif", "likedCount": 0, "created_at": "2022-12-07T19:51:26.514"}}, {"model": "product.rate", "pk": 54, "fields": {"user": 11, "product": 23, "scores": "33333", "averageScore": 3.0, "comment": "냠", "picture": "2022/12/07/KakaoTalk_20210821_000120933.jpg", "likedCount": 0, "created_at": "2022-12-07T19:51:38.853"}}, {"model": "product.rate", "pk": 56, "fields": {"user": 12, "product": 42, "scores": "11223", "averageScore": 1.8, "comment": "", "picture": "", "likedCount": 0, "created_at": "2022-12-07T20:11:38.576"}}, {"model": "product.rate", "pk": 57, "fields": {"user": 12, "product": 71, "scores": "55555", "averageScore": 5.0, "comment": "굳", "picture": "", "likedCount": 0, "created_at": "2022-12-07T20:12:54.469"}}, {"model": "product.rate", "pk": 58, "fields": {"user": 2, "product": 65, "scores": "43332", "averageScore": 3.0, "comment": "나는  지금 논실! 여긴 춥고 콜드브루하다", "picture": "", "likedCount": 0, "created_at": "2022-12-07T20:18:53.621"}}, {"model": "product.rate", "pk": 59, "fields": {"user": 2, "product": 67, "scores": "11111", "averageScore": 1.0, "comment": "우엑", "picture": "", "likedCount": 1, "created_at": "2022-12-07T20:19:08.528"}}, {"model": "product.rate", "pk": 60, "fields": {"user": 2, "product": 69, "scores": "34322", "averageScore": 2.8, "comment": "병 비타 오백이 최고지", "picture": "", "likedCount": 0, "created_at": "2022-12-07T20:19:24.963"}}, {"model": "product.rate", "pk": 61, "fields": {"user": 2, "product": 70, "scores": "55553", "averageScore": 4.6, "comment": "넘 맛있오", "picture": "", "likedCount": 0, "created_at": "2022-12-07T20:19:34.414"}}, {"model": "product.rate", "pk": 62, "fields": {"user": 2, "product": 72, "scores": "13243", "averageScore": 2.6, "comment": "커피 그만", "picture": "", "likedCount": 0, "created_at": "2022-12-07T20:19:43.336"}}, {"model": "product.rate", "pk": 63, "fields": {"user": 2, "product": 40, "scores": "54353", "averageScore": 4.0, "comment": "겨울에 먹는 아이스크림", "picture": "", "likedCount": 0, "created_at": "2022-12-07T20:19:55.982"}}, {"model": "product.rate", "pk": 64, "fields": {"user": 2, "product": 51, "scores": "45355", "averageScore": 4.4, "comment": "내 최애", "picture": "2022/12/07/KakaoTalk_20211009_111307914_04.jpg", "likedCount": 0, "created_at": "2022-12-07T20:20:16.476"}}, {"model": "product.rate", "pk": 65, "fields": {"user": 2, "product": 49, "scores": "34443", "averageScore": 3.6, "comment": "냠", "picture": "", "likedCount": 0, "created_at": "2022-12-07T20:20:29.942"}}, {"model": "product.rate", "pk": 66, "fields": {"user": 2, "product": 57, "scores": "44343", "averageScore": 3.6, "comment": "감 너무 좋아", "picture": "", "likedCount": 0, "created_at": "2022-12-07T20:20:41.720"}}, {"model": "product.rate", "pk": 67, "fields": {"user": 2, "product": 45, "scores": "33523", "averageScore": 3.2, "comment": "특이점", "picture": "", "likedCount": 0, "created_at": "2022-12-07T20:20:57.031"}}, {"model": "product.rate", "pk": 68, "fields": {"user": 2, "product": 3, "scores": "53444", "averageScore": 4.0, "comment": "너무 비싸다..", "picture": "", "likedCount": 0, "created_at": "2022-12-07T20:21:17.750"}}, {"model": "product.rate", "pk": 69, "fields": {"user": 13, "product": 62, "scores": "42543", "averageScore": 3.6, "comment": "테스팅", "picture": "", "likedCount": 0, "created_at": "2022-12-07T20:23:02.233"}}, {"model": "product.rate", "pk": 70, "fields": {"user": 1, "product": 61, "scores": "42230", "averageScore": 2.2, "comment": "Dhdhdd", "picture": "", "likedCount": 0, "created_at": "2022-12-08T01:32:52.935"}}, {"model": "product.rate", "pk": 71, "fields": {"user": 14, "product": 20, "scores": "35553", "averageScore": 4.2, "comment": "고대만세", "picture": "", "likedCount": 1, "created_at": "2022-12-08T01:33:17.299"}}, {"model": "product.rate", "pk": 72, "fields": {"user": 1, "product": 43, "scores": "00000", "averageScore": 0.0, "comment": "앗", "picture": "", "likedCount": 0, "created_at": "2022-12-08T01:33:35.157"}}, {"model": "product.rate", "pk": 73, "fields": {"user": 1, "product": 50, "scores": "33333", "averageScore": 3.0, "comment": "굿!!! ", "picture": "", "likedCount": 0, "created_at": "2022-12-08T01:34:44.668"}}, {"model": "product.rate", "pk": 74, "fields": {"user": 14, "product": 38, "scores": "45554", "averageScore": 4.6, "comment": "", "picture": "", "likedCount": 1, "created_at": "2022-12-08T01:35:42.377"}}, {"model": "product.rate", "pk": 75, "fields": {"user": 1, "product": 1, "scores": "55555", "averageScore": 5.0, "comment": "", "picture": "", "likedCount": 1, "created_at": "2022-12-08T01:45:46.043"}}, {"model": "product.rate", "pk": 76, "fields": {"user": 14, "product": 67, "scores": "43354", "averageScore": 3.8, "comment": "", "picture": "", "likedCount": -1, "created_at": "2022-12-08T01:48:04.911"}}, {"model": "product.like", "pk": 18, "fields": {"user": 6, "rate": 15}}, {"model": "product.like", "pk": 19, "fields": {"user": 6, "rate": 18}}, {"model": "product.like", "pk": 20, "fields": {"user": 5, "rate": 26}}, {"model": "product.like", "pk": 21, "fields": {"user": 5, "rate": 17}}, {"model": "product.like", "pk": 22, "fields": {"user": 5, "rate": 15}}, {"model": "product.like", "pk": 23, "fields": {"user": 5, "rate": 24}}, {"model": "product.like", "pk": 24, "fields": {"user": 5, "rate": 28}}, {"model": "product.like", "pk": 25, "fields": {"user": 1, "rate": 16}}, {"model": "product.like", "pk": 26, "fields": {"user": 1, "rate": 28}}, {"model": "product.like", "pk": 27, "fields": {"user": 1, "rate": 20}}, {"model": "product.like", "pk": 28, "fields": {"user": 1, "rate": 18}}, {"model": "product.like", "pk": 29, "fields": {"user": 1, "rate": 15}}, {"model": "product.like", "pk": 30, "fields": {"user": 1, "rate": 23}}, {"model": "product.like", "pk": 31, "fields": {"user": 1, "rate": 17}}, {"model": "product.like", "pk": 50, "fields": {"user": 3, "rate": 28}}, {"model": "product.like", "pk": 52, "fields": {"user": 3, "rate": 24}}, {"model": "product.like", "pk": 53, "fields": {"user": 3, "rate": 23}}, {"model": "product.like", "pk": 55, "fields": {"user": 3, "rate": 27}}, {"model": "product.like", "pk": 56, "fields": {"user": 3, "rate": 15}}, {"model": "product.like", "pk": 57, "fields": {"user": 6, "rate": 17}}, {"model": "product.like", "pk": 60, "fields": {"user": 6, "rate": 23}}, {"model": "product.like", "pk": 61, "fields": {"user": 6, "rate": 19}}, {"model": "product.like", "pk": 69, "fields": {"user": 11, "rate": 40}}, {"model": "product.like", "pk": 71, "fields": {"user": 14, "rate": 43}}, {"model": "product.like", "pk": 72, "fields": {"user": 14, "rate": 71}}, {"model": "product.like", "pk": 73, "fields": {"user": 14, "rate": 41}}, {"model": "product.like", "pk": 74, "fields": {"user": 14, "rate": 46}}, {"model": "product.like", "pk": 75, "fields": {"user": 14, "rate": 74}}, {"model": "product.like", "pk": 76, "fields": {"user": 1, "rate": 75}}, {"model": "product.like", "pk": 77, "fields": {"user": 14, "rate": 59}}]